Country,Month,Visitors,search interest,Average High Celsius,Average Low Celsius,Average Precipitation Days,Average Precipitation mm,Average Relative Humidity,Daily Mean Celsius
SWIZERLAND,jan,51772,646372,33,29,16,274,83,31
SWIZERLAND,feb,130947,631166,32.4,30.4,15,265,83,31.4
SWIZERLAND,march,20341,322640,34,31,13,230,83,
SWIZERLAND,april,138966,1426600,34.2,31.2,9,95,84,32.7
SWIZERLAND,may,78025,917229,33.2,32.2,10,106,83,32.7
SWIZERLAND,june,138178,647755,31.6,31.6,8,145,84,
SWIZERLAND,july,97158,891281,32.4,31.4,6,120,84,31.9
SWIZERLAND,aug,111152,2145048,29.6,29.2,11,190,83,29.4
SWIZERLAND,sept,23520,1823857,31.4,30.2,10,170,83,30.8
SWIZERLAND,oct,76874,2067533,33.6,31.4,12,215,83,32.5
SWIZERLAND,nov,31187,848166,32.7,30.4,12,215,84,
SWIZERLAND,dec,142283,1587579,33,32.4,14,225,83,32.7
UNITED KINGDOM,jan,47561,727209,33,29,16,274,83,31
UNITED KINGDOM,feb,64300,1321537,32.4,30.4,15,265,83,31.4
UNITED KINGDOM,march,28655,1616187,34,31,13,230,83,32.5
UNITED KINGDOM,april,126562,1569162,34.2,31.2,9,95,84,32.7
UNITED KINGDOM,may,72436,687187,33.2,32.2,10,106,83,32.7
UNITED KINGDOM,june,85550,2363560,31.6,31.6,8,145,84,
UNITED KINGDOM,july,133080,2469234,32.4,31.4,6,120,84,31.9
UNITED KINGDOM,aug,111435,1343057,29.6,29.2,11,190,83,29.4
UNITED KINGDOM,sept,60964,1174977,31.4,30.2,10,170,83,30.8
UNITED KINGDOM,oct,57640,850119,33.6,31.4,12,215,83,32.5
UNITED KINGDOM,nov,48148,359855,32.7,30.4,12,215,84,
UNITED KINGDOM,dec,76795,2211022,33,32.4,14,225,83,32.7
CHINA,jan,65315,2149956,33,29,16,274,83,31
CHINA,feb,97039,1664024,32.4,30.4,15,265,83,31.4
CHINA,march,88639,1476016,34,31,13,230,83,
CHINA,april,74914,278965,34.2,31.2,9,95,84,32.7
CHINA,may,85855,2193949,33.2,32.2,10,106,83,32.7
CHINA,june,136514,908726,31.6,31.6,8,145,84,31.6
CHINA,july,72953,1579830,32.4,31.4,6,120,84,31.9
CHINA,aug,66113,362899,29.6,29.2,11,190,83,29.4
CHINA,sept,109098,826122,31.4,30.2,10,170,83,30.8
CHINA,oct,56094,1122767,33.6,31.4,12,215,83,
CHINA,nov,33206,2298920,32.7,30.4,12,215,84,31.6
CHINA,dec,68855,1285338,33,32.4,14,225,83,32.7
SOUTH AFRICA,jan,78697,1221322,33,29,16,274,83,31
SOUTH AFRICA,feb,142504,288802,32.4,30.4,15,265,83,31.4
SOUTH AFRICA,march,50339,2406106,34,31,13,230,83,32.5
SOUTH AFRICA,april,39433,2058249,34.2,31.2,9,95,84,
SOUTH AFRICA,may,104094,2043149,33.2,32.2,10,106,83,32.7
SOUTH AFRICA,june,38647,532376,31.6,31.6,8,145,84,31.6
SOUTH AFRICA,july,44620,1425370,32.4,31.4,6,120,84,31.9
SOUTH AFRICA,aug,61304,2016261,29.6,29.2,11,190,83,29.4
SOUTH AFRICA,sept,101658,1953574,31.4,30.2,10,170,83,
SOUTH AFRICA,oct,37940,628832,33.6,31.4,12,215,83,32.5
SOUTH AFRICA,nov,116030,362163,32.7,30.4,12,215,84,31.6
SOUTH AFRICA,dec,113270,1454997,33,32.4,14,225,83,32.7
UNITED STATES OF AMERICA,jan,113246,2089458,33,29,16,274,83,31
UNITED STATES OF AMERICA,feb,43790,1613558,32.4,30.4,15,265,83,31.4
UNITED STATES OF AMERICA,march,87542,974265,34,31,13,230,83,32.5
UNITED STATES OF AMERICA,april,134810,258532,34.2,31.2,9,95,84,32.7
UNITED STATES OF AMERICA,may,30389,740204,33.2,32.2,10,106,83,32.7
UNITED STATES OF AMERICA,june,26107,526272,31.6,31.6,8,145,84,31.6
UNITED STATES OF AMERICA,july,26031,544564,32.4,31.4,6,120,84,31.9
UNITED STATES OF AMERICA,aug,97847,2378055,29.6,29.2,11,190,83,29.4
UNITED STATES OF AMERICA,sept,117534,1643891,31.4,30.2,10,170,83,30.8
UNITED STATES OF AMERICA,oct,143736,2433783,33.6,31.4,12,215,83,32.5
UNITED STATES OF AMERICA,nov,146314,1893225,32.7,30.4,12,215,84,31.6
UNITED STATES OF AMERICA,dec,138883,2453592,33,32.4,14,225,83,32.7
NIGERIA,jan,20188,364005,33,29,16,274,83,31
NIGERIA,feb,95180,1304869,32.4,30.4,15,265,83,31.4
NIGERIA,march,31922,1317639,34,31,13,230,83,32.5
NIGERIA,april,53189,956615,34.2,31.2,9,95,84,32.7
NIGERIA,may,25798,771852,33.2,32.2,10,106,83,32.7
NIGERIA,june,119152,1361894,31.6,31.6,8,145,84,31.6
NIGERIA,july,84164,1951793,32.4,31.4,6,120,84,31.9
NIGERIA,aug,89502,1503742,29.6,29.2,11,190,83,29.4
NIGERIA,sept,69657,1961785,31.4,30.2,10,170,83,30.8
NIGERIA,oct,41242,606117,33.6,31.4,12,215,83,32.5
NIGERIA,nov,97415,1892929,32.7,30.4,12,215,84,31.6
NIGERIA,dec,86207,1441389,33,32.4,14,225,83,32.7
INDIA,jan,123496,426932,33,29,16,274,83,31
INDIA,feb,96190,2187240,32.4,30.4,15,265,83,31.4
INDIA,march,130047,378590,34,31,13,230,83,32.5
INDIA,april,25551,1598754,34.2,31.2,9,95,84,32.7
INDIA,may,58902,1813631,33.2,32.2,10,106,83,32.7
INDIA,june,80957,705793,31.6,31.6,8,145,84,31.6
INDIA,july,34388,669458,32.4,31.4,6,120,84,31.9
INDIA,aug,104477,731044,29.6,29.2,11,190,83,29.4
INDIA,sept,60754,702878,31.4,30.2,10,170,83,30.8
INDIA,oct,68302,848013,33.6,31.4,12,215,83,32.5
INDIA,nov,141756,842830,32.7,30.4,12,215,84,31.6
INDIA,dec,49425,2157766,33,32.4,14,225,83,32.7
BRAZIL,jan,42228,328349,33,29,16,274,83,31
BRAZIL,feb,141443,1699518,32.4,30.4,15,265,83,31.4
BRAZIL,march,69936,496429,34,31,13,230,83,32.5
BRAZIL,april,34329,2189806,34.2,31.2,9,95,84,32.7
BRAZIL,may,138233,2435083,33.2,32.2,10,106,83,32.7
BRAZIL,june,34610,1038383,31.6,31.6,8,145,84,31.6
BRAZIL,july,102017,1581158,32.4,31.4,6,120,84,31.9
BRAZIL,aug,22884,614266,29.6,29.2,11,190,83,29.4
BRAZIL,sept,94699,1596294,31.4,30.2,10,170,83,30.8
BRAZIL,oct,132533,1224576,33.6,31.4,12,215,83,32.5
BRAZIL,nov,92251,407191,32.7,30.4,12,215,84,31.6
BRAZIL,dec,47406,2068335,33,32.4,14,225,83,32.7
CANADA,jan,73931,1783729,33,29,16,274,83,31
CANADA,feb,137174,1611070,32.4,30.4,15,265,83,31.4
CANADA,march,100157,1766444,34,31,13,230,83,32.5
CANADA,april,135257,834293,34.2,31.2,9,95,84,32.7
CANADA,may,77207,1861840,33.2,32.2,10,106,83,32.7
CANADA,june,109625,925448,31.6,31.6,8,145,84,31.6
CANADA,july,56383,578183,32.4,31.4,6,120,84,31.9
CANADA,aug,144362,1449103,29.6,29.2,11,190,83,29.4
CANADA,sept,142176,940990,31.4,30.2,10,170,83,30.8
CANADA,oct,54648,2318526,33.6,31.4,12,215,83,32.5
CANADA,nov,78524,522470,32.7,30.4,12,215,84,31.6
CANADA,dec,117050,1613630,33,32.4,14,225,83,32.7
MALT,jan,47629,2232371,33,29,16,274,83,31
MALT,feb,44911,286157,32.4,30.4,15,265,83,31.4
MALT,march,105927,2116055,34,31,13,230,83,32.5
MALT,april,98347,1550805,34.2,31.2,9,95,84,32.7
MALT,may,118775,460581,33.2,32.2,10,106,83,32.7
MALT,june,36931,269508,31.6,31.6,8,145,84,31.6
MALT,july,96613,1065664,32.4,31.4,6,120,84,31.9
MALT,aug,78173,1734210,29.6,29.2,11,190,83,29.4
MALT,sept,23519,760185,31.4,30.2,10,170,83,30.8
MALT,oct,57056,573590,33.6,31.4,12,215,83,32.5
MALT,nov,41823,789312,32.7,30.4,12,215,84,31.6
MALT,dec,134874,394175,33,32.4,14,225,83,32.7
MOZAMBIQUE,jan,20483,1635719,33,29,16,274,83,31
MOZAMBIQUE,feb,62867,2018227,32.4,30.4,15,265,83,31.4
MOZAMBIQUE,march,107959,1616939,34,31,13,230,83,32.5
MOZAMBIQUE,april,110955,901906,34.2,31.2,9,95,84,32.7
MOZAMBIQUE,may,106175,1698531,33.2,32.2,10,106,83,32.7
MOZAMBIQUE,june,35514,1622114,31.6,31.6,8,145,84,31.6
MOZAMBIQUE,july,38180,1824051,32.4,31.4,6,120,84,31.9
MOZAMBIQUE,aug,60340,2163989,29.6,29.2,11,190,83,29.4
MOZAMBIQUE,sept,60928,611723,31.4,30.2,10,170,83,30.8
MOZAMBIQUE,oct,103162,1584144,33.6,31.4,12,215,83,32.5
MOZAMBIQUE,nov,20662,2305335,32.7,30.4,12,215,84,31.6
MOZAMBIQUE,dec,27821,838606,33,32.4,14,225,83,32.7
RWANDA,jan,94846,1673715,33,29,16,274,83,31
RWANDA,feb,27810,1840274,32.4,30.4,15,265,83,31.4
RWANDA,march,142700,1463445,34,31,13,230,83,32.5
RWANDA,april,49076,307399,34.2,31.2,9,95,84,32.7
RWANDA,may,25498,966545,33.2,32.2,10,106,83,32.7
RWANDA,june,149154,2060873,31.6,31.6,8,145,84,31.6
RWANDA,july,47690,1739788,32.4,31.4,6,120,84,31.9
RWANDA,aug,64201,2289496,29.6,29.2,11,190,83,29.4
RWANDA,sept,45898,1735517,31.4,30.2,10,170,83,30.8
RWANDA,oct,43209,1198664,33.6,31.4,12,215,83,32.5
RWANDA,nov,79657,1066255,32.7,30.4,12,215,84,31.6
RWANDA,dec,25295,2373266,33,32.4,14,225,83,32.7
AUSTRIA,jan,79337,2485585,33,29,16,274,83,31
AUSTRIA,feb,32091,2456619,32.4,30.4,15,265,83,31.4
AUSTRIA,march,106347,749651,34,31,13,230,83,
AUSTRIA,april,105206,1995709,34.2,31.2,9,95,84,32.7
AUSTRIA,may,40617,534224,33.2,32.2,10,106,83,32.7
AUSTRIA,june,144241,1973992,31.6,31.6,8,145,84,31.6
AUSTRIA,july,56325,1150772,32.4,31.4,6,120,84,31.9
AUSTRIA,aug,62074,548318,29.6,29.2,11,190,83,29.4
AUSTRIA,sept,84403,2142342,31.4,30.2,10,170,83,30.8
AUSTRIA,oct,139063,1104846,33.6,31.4,12,215,83,32.5
AUSTRIA,nov,143735,705221,32.7,30.4,12,215,84,31.6
AUSTRIA,dec,136647,1188177,33,32.4,14,225,83,32.7
MYANMAR,jan,56942,1343000,33,29,16,274,83,31
MYANMAR,feb,108823,1640317,32.4,30.4,15,265,83,31.4
MYANMAR,march,98365,1450989,34,31,13,230,83,32.5
MYANMAR,april,87200,828406,34.2,31.2,9,95,84,32.7
MYANMAR,may,83819,1849361,33.2,32.2,10,106,83,32.7
MYANMAR,june,80103,1302024,31.6,31.6,8,145,84,31.6
MYANMAR,july,78577,1807014,32.4,31.4,6,120,84,31.9
MYANMAR,aug,24805,893875,29.6,29.2,11,190,83,29.4
MYANMAR,sept,110290,1441345,31.4,30.2,10,170,83,30.8
MYANMAR,oct,36946,1081851,33.6,31.4,12,215,83,32.5
MYANMAR,nov,69904,1662408,32.7,30.4,12,215,84,31.6
MYANMAR,dec,109705,1171203,33,32.4,14,225,83,32.7
GERMANY,jan,26905,1799207,33,29,16,274,83,31
GERMANY,feb,109578,1384026,32.4,30.4,15,265,83,31.4
GERMANY,march,26963,358433,34,31,13,230,83,32.5
GERMANY,april,68814,1741605,34.2,31.2,9,95,84,32.7
GERMANY,may,71712,691854,33.2,32.2,10,106,83,32.7
GERMANY,june,141981,947041,31.6,31.6,8,145,84,31.6
GERMANY,july,105093,2470641,32.4,31.4,6,120,84,31.9
GERMANY,aug,50550,436613,29.6,29.2,11,190,83,29.4
GERMANY,sept,39364,2337674,31.4,30.2,10,170,83,30.8
GERMANY,oct,144081,1598482,33.6,31.4,12,215,83,32.5
GERMANY,nov,35912,1702310,32.7,30.4,12,215,84,31.6
GERMANY,dec,134683,2287667,33,32.4,14,225,83,32.7
KENYA,jan,77658,1751820,33,29,16,274,83,31
KENYA,feb,26465,1191796,32.4,30.4,15,265,83,31.4
KENYA,march,130012,1672727,34,31,13,230,83,32.5
KENYA,april,108134,1149730,34.2,31.2,9,95,84,32.7
KENYA,may,144695,503336,33.2,32.2,10,106,83,32.7
KENYA,june,46589,887526,31.6,31.6,8,145,84,31.6
KENYA,july,145527,1107092,32.4,31.4,6,120,84,31.9
KENYA,aug,65540,2120407,29.6,29.2,11,190,83,29.4
KENYA,sept,93319,1861281,31.4,30.2,10,170,83,30.8
KENYA,oct,85003,989547,33.6,31.4,12,215,83,32.5
KENYA,nov,90026,1705970,32.7,30.4,12,215,84,31.6
KENYA,dec,59382,758400,33,32.4,14,225,83,32.7
ALGERIA,jan,136468,1720594,33,29,16,274,83,31
ALGERIA,feb,63964,928463,32.4,30.4,15,265,83,31.4
ALGERIA,march,65680,1644549,34,31,13,230,83,32.5
ALGERIA,april,39080,762391,34.2,31.2,9,95,84,32.7
ALGERIA,may,64325,500276,33.2,32.2,10,106,83,32.7
ALGERIA,june,57439,982648,31.6,31.6,8,145,84,31.6
ALGERIA,july,46891,251915,32.4,31.4,6,120,84,31.9
ALGERIA,aug,42154,1579767,29.6,29.2,11,190,83,29.4
ALGERIA,sept,148988,1660399,31.4,30.2,10,170,83,30.8
ALGERIA,oct,98313,1171935,33.6,31.4,12,215,83,32.5
ALGERIA,nov,133429,1827749,32.7,30.4,12,215,84,31.6
ALGERIA,dec,126021,2402178,33,32.4,14,225,83,32.7
IRELAND,jan,50339,1152301,33,29,16,274,83,31
IRELAND,feb,149171,1761877,32.4,30.4,15,265,83,31.4
IRELAND,march,148905,2139155,34,31,13,230,83,32.5
IRELAND,april,31213,2389585,34.2,31.2,9,95,84,32.7
IRELAND,may,116455,2302152,33.2,32.2,10,106,83,32.7
IRELAND,june,149362,730345,31.6,31.6,8,145,84,31.6
IRELAND,july,130924,1187942,32.4,31.4,6,120,84,31.9
IRELAND,aug,140474,1808615,29.6,29.2,11,190,83,29.4
IRELAND,sept,125773,2436632,31.4,30.2,10,170,83,30.8
IRELAND,oct,37963,2042901,33.6,31.4,12,215,83,32.5
IRELAND,nov,120650,1958026,32.7,30.4,12,215,84,31.6
IRELAND,dec,79576,395899,33,32.4,14,225,83,32.7
DENMARK,jan,66767,1550705,33,29,16,274,83,31
DENMARK,feb,89176,1557905,32.4,30.4,15,265,83,31.4
DENMARK,march,50364,1589876,34,31,13,230,83,32.5
DENMARK,april,60935,1183000,34.2,31.2,9,95,84,32.7
DENMARK,may,71577,946520,33.2,32.2,10,106,83,32.7
DENMARK,june,43265,1757730,31.6,31.6,8,145,84,31.6
DENMARK,july,146485,2067563,32.4,31.4,6,120,84,31.9
DENMARK,aug,110633,1162892,29.6,29.2,11,190,83,29.4
DENMARK,sept,74817,1165303,31.4,30.2,10,170,83,30.8
DENMARK,oct,106258,1094080,33.6,31.4,12,215,83,32.5
DENMARK,nov,122978,612431,32.7,30.4,12,215,84,31.6
DENMARK,dec,82215,808314,33,32.4,14,225,83,32.7
SPAIN,jan,109249,318822,33,29,16,274,83,31
SPAIN,feb,128635,733655,32.4,30.4,15,265,83,31.4
SPAIN,march,136887,2037196,34,31,13,230,83,32.5
SPAIN,april,32402,1396169,34.2,31.2,9,95,84,32.7
SPAIN,may,51156,865940,33.2,32.2,10,106,83,32.7
SPAIN,june,83443,1908288,31.6,31.6,8,145,84,31.6
SPAIN,july,78382,1974752,32.4,31.4,6,120,84,31.9
SPAIN,aug,107527,688792,29.6,29.2,11,190,83,29.4
SPAIN,sept,76720,1829661,31.4,30.2,10,170,83,30.8
SPAIN,oct,140336,2065074,33.6,31.4,12,215,83,32.5
SPAIN,nov,109365,1689097,32.7,30.4,12,215,84,31.6
SPAIN,dec,81387,1732126,33,32.4,14,225,83,32.7
FRANCE,jan,103170,555574,33,29,16,274,83,31
FRANCE,feb,124769,1418207,32.4,30.4,15,265,83,31.4
FRANCE,march,62210,1885005,34,31,13,230,83,32.5
FRANCE,april,106314,2166223,34.2,31.2,9,95,84,32.7
FRANCE,may,60372,1957602,33.2,32.2,10,106,83,32.7
FRANCE,june,99983,608986,31.6,31.6,8,145,84,31.6
FRANCE,july,125924,302174,32.4,31.4,6,120,84,31.9
FRANCE,aug,112733,1784079,29.6,29.2,11,190,83,29.4
FRANCE,sept,130736,1005504,31.4,30.2,10,170,83,30.8
FRANCE,oct,120256,1474710,33.6,31.4,12,215,83,32.5
FRANCE,nov,46817,2057780,32.7,30.4,12,215,84,31.6
FRANCE,dec,37796,1485626,33,32.4,14,225,83,32.7
ITALY,jan,55503,1389120,33,29,16,274,83,31
ITALY,feb,126664,2184976,32.4,30.4,15,265,83,31.4
ITALY,march,143246,967276,34,31,13,230,83,32.5
ITALY,april,82556,1128975,34.2,31.2,9,95,84,32.7
ITALY,may,126643,2210253,33.2,32.2,10,106,83,32.7
ITALY,june,132014,1130877,31.6,31.6,8,145,84,31.6
ITALY,july,52115,1336282,32.4,31.4,6,120,84,31.9
ITALY,aug,128189,2046021,29.6,29.2,11,190,83,29.4
ITALY,sept,27946,1108305,31.4,30.2,10,170,83,30.8
ITALY,oct,123733,2049425,33.6,31.4,12,215,83,32.5
ITALY,nov,28818,1510676,32.7,30.4,12,215,84,31.6
ITALY,dec,70130,1940132,33,32.4,14,225,83,32.7
EGYPT,jan,47227,1544670,33,29,16,274,83,31
EGYPT,feb,99013,2467681,32.4,30.4,15,265,83,31.4
EGYPT,march,31237,2368914,34,31,13,230,83,32.5
EGYPT,april,132726,1103417,34.2,31.2,9,95,84,32.7
EGYPT,may,62700,1912106,33.2,32.2,10,106,83,32.7
EGYPT,june,81888,944730,31.6,31.6,8,145,84,31.6
EGYPT,july,95448,1986459,32.4,31.4,6,120,84,31.9
EGYPT,aug,127103,1614905,29.6,29.2,11,190,83,29.4
EGYPT,sept,68988,2308714,31.4,30.2,10,170,83,30.8
EGYPT,oct,86800,1174055,33.6,31.4,12,215,83,32.5
EGYPT,nov,103122,250639,32.7,30.4,12,215,84,31.6
EGYPT,dec,120297,1817561,33,32.4,14,225,83,32.7
QATAR,jan,121863,658995,33,29,16,274,83,31
QATAR,feb,21965,659076,32.4,30.4,15,265,83,31.4
QATAR,march,146007,349487,34,31,13,230,83,32.5
QATAR,april,120644,404861,34.2,31.2,9,95,84,32.7
QATAR,may,149415,604127,33.2,32.2,10,106,83,32.7
QATAR,june,116425,863507,31.6,31.6,8,145,84,31.6
QATAR,july,76453,391724,32.4,31.4,6,120,84,31.9
QATAR,aug,77221,1949613,29.6,29.2,11,190,83,29.4
QATAR,sept,93937,907314,31.4,30.2,10,170,83,30.8
QATAR,oct,87407,1626293,33.6,31.4,12,215,83,32.5
QATAR,nov,86965,2220167,32.7,30.4,12,215,84,31.6
QATAR,dec,145482,1445098,33,32.4,14,225,83,32.7
MALAWI,jan,120850,1540684,33,29,16,274,83,31
MALAWI,feb,80409,2194664,32.4,30.4,15,265,83,31.4
MALAWI,march,111939,738678,34,31,13,230,83,
MALAWI,april,126595,309603,34.2,31.2,9,95,84,32.7
MALAWI,may,136532,822776,33.2,32.2,10,106,83,32.7
MALAWI,june,131960,1509959,31.6,31.6,8,145,84,31.6
MALAWI,july,21984,1200189,32.4,31.4,6,120,84,31.9
MALAWI,aug,125934,2459975,29.6,29.2,11,190,83,29.4
MALAWI,sept,118049,1374451,31.4,30.2,10,170,83,30.8
MALAWI,oct,123858,2202901,33.6,31.4,12,215,83,32.5
MALAWI,nov,110166,1691323,32.7,30.4,12,215,84,31.6
MALAWI,dec,33673,1738659,33,32.4,14,225,83,32.7
JAPAN,jan,64665,1630954,33,29,16,274,83,31
JAPAN,feb,67772,1679532,32.4,30.4,15,265,83,31.4
JAPAN,march,145547,828075,34,31,13,230,83,32.5
JAPAN,april,39562,787612,34.2,31.2,9,95,84,32.7
JAPAN,may,52537,1805377,33.2,32.2,10,106,83,32.7
JAPAN,june,131637,2104285,31.6,31.6,8,145,84,31.6
JAPAN,july,58757,1501482,32.4,31.4,6,120,84,31.9
JAPAN,aug,81947,617317,29.6,29.2,11,190,83,29.4
JAPAN,sept,43514,1170990,31.4,30.2,10,170,83,30.8
JAPAN,oct,97153,1695878,33.6,31.4,12,215,83,32.5
JAPAN,nov,131158,1602801,32.7,30.4,12,215,84,31.6
JAPAN,dec,113784,1918998,33,32.4,14,225,83,32.7
SWEDEN,jan,96839,1010436,33,29,16,274,83,31
SWEDEN,feb,94983,750867,32.4,30.4,15,265,83,31.4
SWEDEN,march,131525,1768482,34,31,13,230,83,32.5
SWEDEN,april,124397,2411726,34.2,31.2,9,95,84,32.7
SWEDEN,may,99401,1130450,33.2,32.2,10,106,83,32.7
SWEDEN,june,140677,2304932,31.6,31.6,8,145,84,31.6
SWEDEN,july,103631,1990762,32.4,31.4,6,120,84,31.9
SWEDEN,aug,120809,681428,29.6,29.2,11,190,83,29.4
SWEDEN,sept,116838,2003416,31.4,30.2,10,170,83,30.8
SWEDEN,oct,42558,265497,33.6,31.4,12,215,83,32.5
SWEDEN,nov,28142,804649,32.7,30.4,12,215,84,31.6
SWEDEN,dec,47459,1575182,33,32.4,14,225,83,32.7
NETHERLANDS,jan,129827,1566519,33,29,16,274,83,31
NETHERLANDS,feb,132389,959112,32.4,30.4,15,265,83,31.4
NETHERLANDS,march,76319,2154490,34,31,13,230,83,32.5
NETHERLANDS,april,97380,1581260,34.2,31.2,9,95,84,32.7
NETHERLANDS,may,100397,717816,33.2,32.2,10,106,83,32.7
NETHERLANDS,june,131282,1235489,31.6,31.6,8,145,84,31.6
NETHERLANDS,july,133016,1956814,32.4,31.4,6,120,84,31.9
NETHERLANDS,aug,20358,1297396,29.6,29.2,11,190,83,29.4
NETHERLANDS,sept,36604,329225,31.4,30.2,10,170,83,30.8
NETHERLANDS,oct,61297,1391885,33.6,31.4,12,215,83,32.5
NETHERLANDS,nov,129371,2163314,32.7,30.4,12,215,84,31.6
NETHERLANDS,dec,34552,1635017,33,32.4,14,225,83,32.7
UAE,jan,77771,1216675,33,29,16,274,83,31
UAE,feb,130695,1302386,32.4,30.4,15,265,83,31.4
UAE,march,58865,2197904,34,31,13,230,83,32.5
UAE,april,66634,1592375,34.2,31.2,9,95,84,32.7
UAE,may,81751,1721845,33.2,32.2,10,106,83,32.7
UAE,june,144009,1754397,31.6,31.6,8,145,84,31.6
UAE,july,132105,723425,32.4,31.4,6,120,84,31.9
UAE,aug,110026,1697969,29.6,29.2,11,190,83,29.4
UAE,sept,52340,1915329,31.4,30.2,10,170,83,30.8
UAE,oct,78472,1332371,33.6,31.4,12,215,83,32.5
UAE,nov,48026,697410,32.7,30.4,12,215,84,31.6
UAE,dec,121597,1752850,33,32.4,14,225,83,32.7
UGANDA,jan,119791,433901,33,29,16,274,83,31
UGANDA,feb,77424,948157,32.4,30.4,15,265,83,31.4
UGANDA,march,60229,2428558,34,31,13,230,83,32.5
UGANDA,april,137885,1911720,34.2,31.2,9,95,84,32.7
UGANDA,may,130321,1267949,33.2,32.2,10,106,83,32.7
UGANDA,june,35148,1880569,31.6,31.6,8,145,84,31.6
UGANDA,july,68410,958536,32.4,31.4,6,120,84,31.9
UGANDA,aug,135195,292631,29.6,29.2,11,190,83,29.4
UGANDA,sept,69485,2215718,31.4,30.2,10,170,83,30.8
UGANDA,oct,103771,1900454,33.6,31.4,12,215,83,32.5
UGANDA,nov,139628,1383782,32.7,30.4,12,215,84,31.6
UGANDA,dec,58827,1863949,33,32.4,14,225,83,32.7
AUSTRALIA,jan,113182,2057619,33,29,16,274,83,31
AUSTRALIA,feb,39049,443214,32.4,30.4,15,265,83,31.4
AUSTRALIA,march,45882,1638480,34,31,13,230,83,32.5
AUSTRALIA,april,57180,689085,34.2,31.2,9,95,84,32.7
AUSTRALIA,may,20995,594793,33.2,32.2,10,106,83,32.7
AUSTRALIA,june,68465,253244,31.6,31.6,8,145,84,31.6
AUSTRALIA,july,119946,1925133,32.4,31.4,6,120,84,31.9
AUSTRALIA,aug,107610,1689108,29.6,29.2,11,190,83,29.4
AUSTRALIA,sept,64270,1431596,31.4,30.2,10,170,83,30.8
AUSTRALIA,oct,52693,846248,33.6,31.4,12,215,83,32.5
AUSTRALIA,nov,68692,2301833,32.7,30.4,12,215,84,31.6
AUSTRALIA,dec,138614,1655060,33,32.4,14,225,83,32.7
YEMEN,jan,118626,1553298,33,29,16,274,83,31
YEMEN,feb,132621,2204977,32.4,30.4,15,265,83,31.4
YEMEN,march,144574,1696885,34,31,13,230,83,32.5
YEMEN,april,69325,2309837,34.2,31.2,9,95,84,32.7
YEMEN,may,102940,1482796,33.2,32.2,10,106,83,32.7
YEMEN,june,127930,1323085,31.6,31.6,8,145,84,31.6
YEMEN,july,36526,1332925,32.4,31.4,6,120,84,31.9
YEMEN,aug,80275,369701,29.6,29.2,11,190,83,29.4
YEMEN,sept,94178,1618899,31.4,30.2,10,170,83,30.8
YEMEN,oct,122802,1100101,33.6,31.4,12,215,83,32.5
YEMEN,nov,33875,1359849,32.7,30.4,12,215,84,31.6
YEMEN,dec,101561,1013545,33,32.4,14,225,83,32.7
NEW ZEALAND,jan,86904,2371521,33,29,16,274,83,31
NEW ZEALAND,feb,29643,601943,32.4,30.4,15,265,83,31.4
NEW ZEALAND,march,67215,1352995,34,31,13,230,83,32.5
NEW ZEALAND,april,96295,664376,34.2,31.2,9,95,84,32.7
NEW ZEALAND,may,137749,2084035,33.2,32.2,10,106,83,32.7
NEW ZEALAND,june,42703,1744325,31.6,31.6,8,145,84,31.6
NEW ZEALAND,july,112168,650738,32.4,31.4,6,120,84,31.9
NEW ZEALAND,aug,30096,1514110,29.6,29.2,11,190,83,29.4
NEW ZEALAND,sept,81201,399616,31.4,30.2,10,170,83,30.8
NEW ZEALAND,oct,133408,381636,33.6,31.4,12,215,83,32.5
NEW ZEALAND,nov,97433,2382002,32.7,30.4,12,215,84,31.6
NEW ZEALAND,dec,94827,1210498,33,32.4,14,225,83,32.7
BELGIUM,jan,26557,879795,33,29,16,274,83,31
BELGIUM,feb,55951,1513025,32.4,30.4,15,265,83,31.4
BELGIUM,march,111528,1279696,34,31,13,230,83,32.5
BELGIUM,april,143441,975859,34.2,31.2,9,95,84,32.7
BELGIUM,may,129008,480372,33.2,32.2,10,106,83,32.7
BELGIUM,june,107790,2022565,31.6,31.6,8,145,84,31.6
BELGIUM,july,49835,2468694,32.4,31.4,6,120,84,31.9
BELGIUM,aug,62104,2303785,29.6,29.2,11,190,83,29.4
BELGIUM,sept,52678,757406,31.4,30.2,10,170,83,30.8
BELGIUM,oct,119862,1090082,33.6,31.4,12,215,83,32.5
BELGIUM,nov,133255,1171747,32.7,30.4,12,215,84,31.6
BELGIUM,dec,113010,1983321,33,32.4,14,225,83,32.7
NORWAY,jan,123544,1606965,33,29,16,274,83,31
NORWAY,feb,148431,2443502,32.4,30.4,15,265,83,31.4
NORWAY,march,62656,2136557,34,31,13,230,83,32.5
NORWAY,april,147387,1490700,34.2,31.2,9,95,84,32.7
NORWAY,may,94866,459059,33.2,32.2,10,106,83,32.7
NORWAY,june,54879,733914,31.6,31.6,8,145,84,31.6
NORWAY,july,109296,1242601,32.4,31.4,6,120,84,31.9
NORWAY,aug,132706,2167978,29.6,29.2,11,190,83,29.4
NORWAY,sept,105417,752986,31.4,30.2,10,170,83,30.8
NORWAY,oct,144730,1363802,33.6,31.4,12,215,83,32.5
NORWAY,nov,44006,1423815,32.7,30.4,12,215,84,31.6
NORWAY,dec,76108,1529904,33,32.4,14,225,83,32.7
ZIMBABWE,jan,61198,1190908,33,29,16,274,83,31
ZIMBABWE,feb,147934,1331750,32.4,30.4,15,265,83,31.4
ZIMBABWE,march,37810,1771056,34,31,13,230,83,32.5
ZIMBABWE,april,24364,1388456,34.2,31.2,9,95,84,32.7
ZIMBABWE,may,110953,1169881,33.2,32.2,10,106,83,32.7
ZIMBABWE,june,20241,1533050,31.6,31.6,8,145,84,31.6
ZIMBABWE,july,39145,1775133,32.4,31.4,6,120,84,31.9
ZIMBABWE,aug,76621,2475720,29.6,29.2,11,190,83,29.4
ZIMBABWE,sept,26095,351399,31.4,30.2,10,170,83,30.8
ZIMBABWE,oct,20177,2215783,33.6,31.4,12,215,83,32.5
ZIMBABWE,nov,138302,707242,32.7,30.4,12,215,84,31.6
ZIMBABWE,dec,146845,1217262,33,32.4,14,225,83,32.7
ZAMBIA,jan,57838,1947156,33,29,16,274,83,31
ZAMBIA,feb,122540,733506,32.4,30.4,15,265,83,31.4
ZAMBIA,march,87954,1001607,34,31,13,230,83,32.5
ZAMBIA,april,56409,2205132,34.2,31.2,9,95,84,32.7
ZAMBIA,may,104807,1192428,33.2,32.2,10,106,83,32.7
ZAMBIA,june,148407,993415,31.6,31.6,8,145,84,31.6
ZAMBIA,july,129680,2013308,32.4,31.4,6,120,84,31.9
ZAMBIA,aug,55338,2228620,29.6,29.2,11,190,83,29.4
ZAMBIA,sept,61102,1327912,31.4,30.2,10,170,83,
ZAMBIA,oct,106363,1201717,33.6,31.4,12,215,83,32.5
ZAMBIA,nov,119780,1558863,32.7,30.4,12,215,84,31.6
ZAMBIA,dec,99493,1791041,33,32.4,14,225,83,32.7
CONGO,jan,109018,1819947,33,29,16,274,83,31
CONGO,feb,75095,1685637,32.4,30.4,15,265,83,31.4
CONGO,march,69909,1659140,34,31,13,230,83,32.5
CONGO,april,113048,1129612,34.2,31.2,9,95,84,32.7
CONGO,may,51800,441163,33.2,32.2,10,106,83,32.7
CONGO,june,100850,774475,31.6,31.6,8,145,84,31.6
CONGO,july,54195,1864497,32.4,31.4,6,120,84,31.9
CONGO,aug,62560,2385370,29.6,29.2,11,190,83,29.4
CONGO,sept,99540,2089450,31.4,30.2,10,170,83,30.8
CONGO,oct,129429,1552201,33.6,31.4,12,215,83,32.5
CONGO,nov,71859,1082820,32.7,30.4,12,215,84,31.6
CONGO,dec,80551,1061933,33,32.4,14,225,83,32.7
BURGARIA,jan,25360,2410130,33,29,16,274,83,31
BURGARIA,feb,43982,1283354,32.4,30.4,15,265,83,31.4
BURGARIA,march,106744,1669617,34,31,13,230,83,32.5
BURGARIA,april,29671,2108756,34.2,31.2,9,95,84,32.7
BURGARIA,may,61025,1058297,33.2,32.2,10,106,83,32.7
BURGARIA,june,85104,1836378,31.6,31.6,8,145,84,31.6
BURGARIA,july,135071,1631128,32.4,31.4,6,120,84,31.9
BURGARIA,aug,60195,1506687,29.6,29.2,11,190,83,29.4
BURGARIA,sept,46575,1869322,31.4,30.2,10,170,83,30.8
BURGARIA,oct,100730,1698640,33.6,31.4,12,215,83,32.5
BURGARIA,nov,21893,560935,32.7,30.4,12,215,84,31.6
BURGARIA,dec,125746,1003974,33,32.4,14,225,83,32.7
PAKISTAN,jan,75243,1523658,33,29,16,274,83,31
PAKISTAN,feb,129528,2267726,32.4,30.4,15,265,83,31.4
PAKISTAN,march,121590,2387864,34,31,13,230,83,32.5
PAKISTAN,april,100755,961471,34.2,31.2,9,95,84,32.7
PAKISTAN,may,111851,861325,33.2,32.2,10,106,83,32.7
PAKISTAN,june,49661,352996,31.6,31.6,8,145,84,31.6
PAKISTAN,july,52594,2287095,32.4,31.4,6,120,84,31.9
PAKISTAN,aug,98816,1126992,29.6,29.2,11,190,83,29.4
PAKISTAN,sept,99884,814426,31.4,30.2,10,170,83,30.8
PAKISTAN,oct,127904,364000,33.6,31.4,12,215,83,32.5
PAKISTAN,nov,78525,1118107,32.7,30.4,12,215,84,31.6
PAKISTAN,dec,92329,1630429,33,32.4,14,225,83,32.7
GREECE,jan,138538,2414417,33,29,16,274,83,31
GREECE,feb,40016,575417,32.4,30.4,15,265,83,31.4
GREECE,march,107894,1353154,34,31,13,230,83,32.5
GREECE,april,66433,2044824,34.2,31.2,9,95,84,32.7
GREECE,may,46972,2023898,33.2,32.2,10,106,83,32.7
GREECE,june,56220,1045356,31.6,31.6,8,145,84,31.6
GREECE,july,101673,2213380,32.4,31.4,6,120,84,31.9
GREECE,aug,32655,1293698,29.6,29.2,11,190,83,29.4
GREECE,sept,37065,1812318,31.4,30.2,10,170,83,30.8
GREECE,oct,42730,1204372,33.6,31.4,12,215,83,32.5
GREECE,nov,146910,2306663,32.7,30.4,12,215,84,31.6
GREECE,dec,119783,365603,33,32.4,14,225,83,32.7
MAURITIUS,jan,24691,1691804,33,29,16,274,83,31
MAURITIUS,feb,125247,2065143,32.4,30.4,15,265,83,31.4
MAURITIUS,march,20237,1869006,34,31,13,230,83,32.5
MAURITIUS,april,108779,933372,34.2,31.2,9,95,84,32.7
MAURITIUS,may,43684,1859741,33.2,32.2,10,106,83,32.7
MAURITIUS,june,124995,708569,31.6,31.6,8,145,84,31.6
MAURITIUS,july,92355,1441687,32.4,31.4,6,120,84,31.9
MAURITIUS,aug,84703,1569186,29.6,29.2,11,190,83,29.4
MAURITIUS,sept,28754,552530,31.4,30.2,10,170,83,30.8
MAURITIUS,oct,68467,1822581,33.6,31.4,12,215,83,32.5
MAURITIUS,nov,42206,2105216,32.7,30.4,12,215,84,31.6
MAURITIUS,dec,73488,260767,33,32.4,14,225,83,32.7
DRC,jan,47168,612801,33,29,16,274,83,31
DRC,feb,135056,274196,32.4,30.4,15,265,83,31.4
DRC,march,129449,1789023,34,31,13,230,83,32.5
DRC,april,107686,263531,34.2,31.2,9,95,84,32.7
DRC,may,37610,2129682,33.2,32.2,10,106,83,32.7
DRC,june,44706,2024540,31.6,31.6,8,145,84,31.6
DRC,july,68094,451863,32.4,31.4,6,120,84,31.9
DRC,aug,135900,2388732,29.6,29.2,11,190,83,29.4
DRC,sept,62278,1398891,31.4,30.2,10,170,83,30.8
DRC,oct,120633,1717789,33.6,31.4,12,215,83,32.5
DRC,nov,68466,1665337,32.7,30.4,12,215,84,31.6
DRC,dec,137684,354164,33,32.4,14,225,83,32.7
OMAN,jan,27769,863633,33,29,16,274,83,31
OMAN,feb,103415,2271160,32.4,30.4,15,265,83,31.4
OMAN,march,120102,1594885,34,31,13,230,83,32.5
OMAN,april,112802,2325718,34.2,31.2,9,95,84,32.7
OMAN,may,80860,1605304,33.2,32.2,10,106,83,32.7
OMAN,june,133320,1326054,31.6,31.6,8,145,84,31.6
OMAN,july,98007,2109822,32.4,31.4,6,120,84,31.9
OMAN,aug,105081,1150898,29.6,29.2,11,190,83,29.4
OMAN,sept,72868,2354287,31.4,30.2,10,170,83,30.8
OMAN,oct,74545,1536864,33.6,31.4,12,215,83,32.5
OMAN,nov,101570,1922930,32.7,30.4,12,215,84,31.6
OMAN,dec,38327,890104,33,32.4,14,225,83,32.7
PORTUGAL,jan,25491,2026233,33,29,16,274,83,31
PORTUGAL,feb,21885,532071,32.4,30.4,15,265,83,31.4
PORTUGAL,march,143878,2065594,34,31,13,230,83,32.5
PORTUGAL,april,127001,1687958,34.2,31.2,9,95,84,32.7
PORTUGAL,may,121314,1940230,33.2,32.2,10,106,83,32.7
PORTUGAL,june,124628,2095790,31.6,31.6,8,145,84,31.6
PORTUGAL,july,64398,457965,32.4,31.4,6,120,84,31.9
PORTUGAL,aug,80666,271209,29.6,29.2,11,190,83,29.4
PORTUGAL,sept,45307,2231241,31.4,30.2,10,170,83,30.8
PORTUGAL,oct,138320,1256842,33.6,31.4,12,215,83,32.5
PORTUGAL,nov,22298,684879,32.7,30.4,12,215,84,31.6
PORTUGAL,dec,95676,582836,33,32.4,14,225,83,32.7
KOREA,jan,61759,464341,33,29,16,274,83,31
KOREA,feb,37558,1494173,32.4,30.4,15,265,83,31.4
KOREA,march,140404,1448797,34,31,13,230,83,32.5
KOREA,april,105306,1262501,34.2,31.2,9,95,84,32.7
KOREA,may,89041,2266732,33.2,32.2,10,106,83,32.7
KOREA,june,64114,1594173,31.6,31.6,8,145,84,31.6
KOREA,july,29927,535311,32.4,31.4,6,120,84,31.9
KOREA,aug,44291,487345,29.6,29.2,11,190,83,29.4
KOREA,sept,122845,1380077,31.4,30.2,10,170,83,30.8
KOREA,oct,72936,1002590,33.6,31.4,12,215,83,32.5
KOREA,nov,145332,703364,32.7,30.4,12,215,84,31.6
KOREA,dec,130919,479173,33,32.4,14,225,83,32.7
SWAZILAND,jan,98369,1349956,33,29,16,274,83,31
SWAZILAND,feb,75623,1944887,32.4,30.4,15,265,83,31.4
SWAZILAND,march,57667,376784,34,31,13,230,83,32.5
SWAZILAND,april,77092,2160537,34.2,31.2,9,95,84,32.7
SWAZILAND,may,101154,2144504,33.2,32.2,10,106,83,32.7
SWAZILAND,june,128861,1562900,31.6,31.6,8,145,84,31.6
SWAZILAND,july,136178,659606,32.4,31.4,6,120,84,31.9
SWAZILAND,aug,66421,378631,29.6,29.2,11,190,83,29.4
SWAZILAND,sept,109843,1869781,31.4,30.2,10,170,83,30.8
SWAZILAND,oct,41539,1637803,33.6,31.4,12,215,83,32.5
SWAZILAND,nov,69253,1730129,32.7,30.4,12,215,84,31.6
SWAZILAND,dec,86923,1459613,33,32.4,14,225,83,32.7
TUNISIA,jan,90207,953785,33,29,16,274,83,31
TUNISIA,feb,118527,1784717,32.4,30.4,15,265,83,31.4
TUNISIA,march,148059,1998993,34,31,13,230,83,32.5
TUNISIA,april,58120,1165842,34.2,31.2,9,95,84,32.7
TUNISIA,may,22016,1752798,33.2,32.2,10,106,83,32.7
TUNISIA,june,123717,2318255,31.6,31.6,8,145,84,31.6
TUNISIA,july,149699,1843833,32.4,31.4,6,120,84,31.9
TUNISIA,aug,27584,262674,29.6,29.2,11,190,83,29.4
TUNISIA,sept,108631,901866,31.4,30.2,10,170,83,30.8
TUNISIA,oct,122460,754008,33.6,31.4,12,215,83,32.5
TUNISIA,nov,91747,847336,32.7,30.4,12,215,84,31.6
TUNISIA,dec,38351,564385,33,32.4,14,225,83,32.7
KUWAIT,jan,89087,765753,33,29,16,274,83,31
KUWAIT,feb,136872,2363760,32.4,30.4,15,265,83,31.4
KUWAIT,march,62107,848222,34,31,13,230,83,32.5
KUWAIT,april,138055,1595481,34.2,31.2,9,95,84,32.7
KUWAIT,may,115324,1228784,33.2,32.2,10,106,83,32.7
KUWAIT,june,68835,1589397,31.6,31.6,8,145,84,31.6
KUWAIT,july,84648,2185038,32.4,31.4,6,120,84,31.9
KUWAIT,aug,102162,2348737,29.6,29.2,11,190,83,29.4
KUWAIT,sept,73816,2456592,31.4,30.2,10,170,83,30.8
KUWAIT,oct,72020,750729,33.6,31.4,12,215,83,32.5
KUWAIT,nov,67693,1892005,32.7,30.4,12,215,84,31.6
KUWAIT,dec,25973,1017012,33,32.4,14,225,83,32.7
DOMINICA,jan,76158,443903,33,29,16,274,83,31
DOMINICA,feb,141652,537679,32.4,30.4,15,265,83,31.4
DOMINICA,march,46082,2472109,34,31,13,230,83,32.5
DOMINICA,april,121232,921022,34.2,31.2,9,95,84,32.7
DOMINICA,may,22864,1910470,33.2,32.2,10,106,83,32.7
DOMINICA,june,138466,2054088,31.6,31.6,8,145,84,31.6
DOMINICA,july,28012,1766852,32.4,31.4,6,120,84,31.9
DOMINICA,aug,123430,571677,29.6,29.2,11,190,83,29.4
DOMINICA,sept,20879,826770,31.4,30.2,10,170,83,30.8
DOMINICA,oct,28919,1702478,33.6,31.4,12,215,83,32.5
DOMINICA,nov,52190,745915,32.7,30.4,12,215,84,31.6
DOMINICA,dec,99923,607872,33,32.4,14,225,83,32.7
ISRAEL,jan,59014,665658,33,29,16,274,83,31
ISRAEL,feb,108868,1560546,32.4,30.4,15,265,83,31.4
ISRAEL,march,142885,1147985,34,31,13,230,83,32.5
ISRAEL,april,39197,409528,34.2,31.2,9,95,84,
ISRAEL,may,137816,267532,33.2,32.2,10,106,83,32.7
ISRAEL,june,91058,830634,31.6,31.6,8,145,84,31.6
ISRAEL,july,46001,1911910,32.4,31.4,6,120,84,31.9
ISRAEL,aug,28498,2270479,29.6,29.2,11,190,83,29.4
ISRAEL,sept,129776,1834046,31.4,30.2,10,170,83,30.8
ISRAEL,oct,88606,1442890,33.6,31.4,12,215,83,32.5
ISRAEL,nov,33323,1591695,32.7,30.4,12,215,84,31.6
ISRAEL,dec,57045,1734351,33,32.4,14,225,83,32.7
FINLAND,jan,26642,1503031,33,29,16,274,83,31
FINLAND,feb,128832,728197,32.4,30.4,15,265,83,31.4
FINLAND,march,39891,1690847,34,31,13,230,83,32.5
FINLAND,april,111327,1057981,34.2,31.2,9,95,84,32.7
FINLAND,may,67494,2357612,33.2,32.2,10,106,83,32.7
FINLAND,june,43781,289959,31.6,31.6,8,145,84,31.6
FINLAND,july,109539,2015835,32.4,31.4,6,120,84,31.9
FINLAND,aug,109277,1830334,29.6,29.2,11,190,83,29.4
FINLAND,sept,27536,687557,31.4,30.2,10,170,83,30.8
FINLAND,oct,76129,1839825,33.6,31.4,12,215,83,32.5
FINLAND,nov,112701,1225091,32.7,30.4,12,215,84,31.6
FINLAND,dec,138315,1677254,33,32.4,14,225,83,32.7
CZECH REPUBLIC,jan,77679,913532,33,29,16,274,83,31
CZECH REPUBLIC,feb,92093,1431142,32.4,30.4,15,265,83,31.4
CZECH REPUBLIC,march,100627,2167594,34,31,13,230,83,32.5
CZECH REPUBLIC,april,87055,775791,34.2,31.2,9,95,84,32.7
CZECH REPUBLIC,may,114305,985434,33.2,32.2,10,106,83,32.7
CZECH REPUBLIC,june,110132,2277734,31.6,31.6,8,145,84,31.6
CZECH REPUBLIC,july,30130,2352973,32.4,31.4,6,120,84,31.9
CZECH REPUBLIC,aug,134567,1264495,29.6,29.2,11,190,83,29.4
CZECH REPUBLIC,sept,91786,1415680,31.4,30.2,10,170,83,30.8
CZECH REPUBLIC,oct,146039,2348014,33.6,31.4,12,215,83,32.5
CZECH REPUBLIC,nov,55516,1489293,32.7,30.4,12,215,84,31.6
CZECH REPUBLIC,dec,109839,1900957,33,32.4,14,225,83,32.7
UKRAIN,jan,95256,1452740,33,29,16,274,83,31
UKRAIN,feb,85503,745417,32.4,30.4,15,265,83,31.4
UKRAIN,march,66375,1746901,34,31,13,230,83,32.5
UKRAIN,april,43096,2356721,34.2,31.2,9,95,84,32.7
UKRAIN,may,32288,1280505,33.2,32.2,10,106,83,32.7
UKRAIN,june,97575,389633,31.6,31.6,8,145,84,31.6
UKRAIN,july,73476,1233954,32.4,31.4,6,120,84,31.9
UKRAIN,aug,121696,1495990,29.6,29.2,11,190,83,29.4
UKRAIN,sept,81290,2423556,31.4,30.2,10,170,83,30.8
UKRAIN,oct,136502,568994,33.6,31.4,12,215,83,32.5
UKRAIN,nov,116068,2439227,32.7,30.4,12,215,84,31.6
UKRAIN,dec,41515,2078861,33,32.4,14,225,83,32.7
ETHIOPIA,jan,130072,1035382,33,29,16,274,83,31
ETHIOPIA,feb,120012,455097,32.4,30.4,15,265,83,31.4
ETHIOPIA,march,68009,1251271,34,31,13,230,83,32.5
ETHIOPIA,april,80328,1478923,34.2,31.2,9,95,84,32.7
ETHIOPIA,may,126723,1773053,33.2,32.2,10,106,83,32.7
ETHIOPIA,june,85439,1771542,31.6,31.6,8,145,84,31.6
ETHIOPIA,july,47963,2103724,32.4,31.4,6,120,84,31.9
ETHIOPIA,aug,123113,2384276,29.6,29.2,11,190,83,29.4
ETHIOPIA,sept,71435,710720,31.4,30.2,10,170,83,30.8
ETHIOPIA,oct,66702,2361241,33.6,31.4,12,215,83,32.5
ETHIOPIA,nov,139711,502582,32.7,30.4,12,215,84,31.6
ETHIOPIA,dec,97373,2451603,33,32.4,14,225,83,32.7
BURUNDI,jan,146207,1600850,33,29,16,274,83,31
BURUNDI,feb,46080,528519,32.4,30.4,15,265,83,31.4
BURUNDI,march,138881,1116906,34,31,13,230,83,32.5
BURUNDI,april,120143,550468,34.2,31.2,9,95,84,32.7
BURUNDI,may,55639,1431486,33.2,32.2,10,106,83,32.7
BURUNDI,june,80131,1808744,31.6,31.6,8,145,84,31.6
BURUNDI,july,47817,2382488,32.4,31.4,6,120,84,31.9
BURUNDI,aug,53525,2048601,29.6,29.2,11,190,83,29.4
BURUNDI,sept,73695,2250413,31.4,30.2,10,170,83,30.8
BURUNDI,oct,121565,2247413,33.6,31.4,12,215,83,32.5
BURUNDI,nov,108876,1592468,32.7,30.4,12,215,84,31.6
BURUNDI,dec,37545,2180931,33,32.4,14,225,83,32.7
SCOTLAND,jan,133112,257854,33,29,16,274,83,31
SCOTLAND,feb,120271,1498649,32.4,30.4,15,265,83,31.4
SCOTLAND,march,81480,1790342,34,31,13,230,83,32.5
SCOTLAND,april,78248,632934,34.2,31.2,9,95,84,32.7
SCOTLAND,may,66590,2057921,33.2,32.2,10,106,83,32.7
SCOTLAND,june,61802,2279881,31.6,31.6,8,145,84,31.6
SCOTLAND,july,62901,1259985,32.4,31.4,6,120,84,31.9
SCOTLAND,aug,66525,1072752,29.6,29.2,11,190,83,29.4
SCOTLAND,sept,36549,2192619,31.4,30.2,10,170,83,30.8
SCOTLAND,oct,93416,2144975,33.6,31.4,12,215,83,32.5
SCOTLAND,nov,28809,2318161,32.7,30.4,12,215,84,31.6
SCOTLAND,dec,95807,2049456,33,32.4,14,225,83,32.7
RUSSIA,jan,145176,1450184,33,29,16,274,83,31
RUSSIA,feb,40586,1421298,32.4,30.4,15,265,83,31.4
RUSSIA,march,105536,1519821,34,31,13,230,83,32.5
RUSSIA,april,94463,2132950,34.2,31.2,9,95,84,32.7
RUSSIA,may,78025,1679220,33.2,32.2,10,106,83,32.7
RUSSIA,june,63640,549333,31.6,31.6,8,145,84,31.6
RUSSIA,july,100504,1059652,32.4,31.4,6,120,84,31.9
RUSSIA,aug,76987,360032,29.6,29.2,11,190,83,29.4
RUSSIA,sept,86221,906977,31.4,30.2,10,170,83,30.8
RUSSIA,oct,40513,2001874,33.6,31.4,12,215,83,32.5
RUSSIA,nov,56454,1371547,32.7,30.4,12,215,84,31.6
RUSSIA,dec,43065,1460596,33,32.4,14,225,83,32.7
GHANA,jan,50436,915998,33,29,16,274,83,31
GHANA,feb,140689,1110898,32.4,30.4,15,265,83,31.4
GHANA,march,25971,645447,34,31,13,230,83,32.5
GHANA,april,106349,829518,34.2,31.2,9,95,84,32.7
GHANA,may,98807,1733807,33.2,32.2,10,106,83,32.7
GHANA,june,104259,2071367,31.6,31.6,8,145,84,31.6
GHANA,july,71232,1328067,32.4,31.4,6,120,84,31.9
GHANA,aug,102686,670779,29.6,29.2,11,190,83,29.4
GHANA,sept,41949,1261027,31.4,30.2,10,170,83,30.8
GHANA,oct,65966,954852,33.6,31.4,12,215,83,32.5
GHANA,nov,93138,1579812,32.7,30.4,12,215,84,31.6
GHANA,dec,97353,2093052,33,32.4,14,225,83,32.7
NIGER,jan,110608,2333021,33,29,16,274,83,31
NIGER,feb,140732,381655,32.4,30.4,15,265,83,31.4
NIGER,march,73165,1059450,34,31,13,230,83,32.5
NIGER,april,115807,1542744,34.2,31.2,9,95,84,32.7
NIGER,may,74840,2412860,33.2,32.2,10,106,83,32.7
NIGER,june,57138,1655806,31.6,31.6,8,145,84,31.6
NIGER,july,127410,593040,32.4,31.4,6,120,84,31.9
NIGER,aug,43600,358079,29.6,29.2,11,190,83,29.4
NIGER,sept,147845,2327060,31.4,30.2,10,170,83,30.8
NIGER,oct,122327,1468426,33.6,31.4,12,215,83,32.5
NIGER,nov,89688,1094752,32.7,30.4,12,215,84,31.6
NIGER,dec,67398,927979,33,32.4,14,225,83,32.7
MALAYSIA,jan,124209,1423828,33,29,16,274,83,31
MALAYSIA,feb,140801,2370629,32.4,30.4,15,265,83,31.4
MALAYSIA,march,91874,1903010,34,31,13,230,83,32.5
MALAYSIA,april,34978,1421969,34.2,31.2,9,95,84,32.7
MALAYSIA,may,48198,1464005,33.2,32.2,10,106,83,32.7
MALAYSIA,june,128774,1057415,31.6,31.6,8,145,84,31.6
MALAYSIA,july,48973,1486269,32.4,31.4,6,120,84,31.9
MALAYSIA,aug,123566,1441255,29.6,29.2,11,190,83,29.4
MALAYSIA,sept,112573,2406898,31.4,30.2,10,170,83,30.8
MALAYSIA,oct,102858,1481727,33.6,31.4,12,215,83,32.5
MALAYSIA,nov,48124,902948,32.7,30.4,12,215,84,31.6
MALAYSIA,dec,108790,2300994,33,32.4,14,225,83,32.7
COLOMBIA,jan,66482,654600,33,29,16,274,83,31
COLOMBIA,feb,119309,864695,32.4,30.4,15,265,83,31.4
COLOMBIA,march,50088,1617187,34,31,13,230,83,32.5
COLOMBIA,april,48590,1534598,34.2,31.2,9,95,84,32.7
COLOMBIA,may,145586,925254,33.2,32.2,10,106,83,32.7
COLOMBIA,june,90476,1692043,31.6,31.6,8,145,84,31.6
COLOMBIA,july,94333,1260310,32.4,31.4,6,120,84,31.9
COLOMBIA,aug,126506,281801,29.6,29.2,11,190,83,29.4
COLOMBIA,sept,120931,802849,31.4,30.2,10,170,83,30.8
COLOMBIA,oct,57418,1086733,33.6,31.4,12,215,83,32.5
COLOMBIA,nov,130611,400347,32.7,30.4,12,215,84,31.6
COLOMBIA,dec,85418,1985528,33,32.4,14,225,83,32.7
LUXEMBOURG,jan,108416,532973,33,29,16,274,83,31
LUXEMBOURG,feb,110397,1852992,32.4,30.4,15,265,83,31.4
LUXEMBOURG,march,27791,664614,34,31,13,230,83,32.5
LUXEMBOURG,april,134668,688308,34.2,31.2,9,95,84,32.7
LUXEMBOURG,may,121200,892991,33.2,32.2,10,106,83,32.7
LUXEMBOURG,june,40690,2050753,31.6,31.6,8,145,84,31.6
LUXEMBOURG,july,121081,2343529,32.4,31.4,6,120,84,31.9
LUXEMBOURG,aug,85510,1565080,29.6,29.2,11,190,83,29.4
LUXEMBOURG,sept,64802,2203047,31.4,30.2,10,170,83,30.8
LUXEMBOURG,oct,101855,733770,33.6,31.4,12,215,83,32.5
LUXEMBOURG,nov,113481,1126198,32.7,30.4,12,215,84,31.6
LUXEMBOURG,dec,95845,1439073,33,32.4,14,225,83,32.7
NEPAL,jan,70224,1973151,33,29,16,274,83,31
NEPAL,feb,34600,2219148,32.4,30.4,15,265,83,31.4
NEPAL,march,129917,1891792,34,31,13,230,83,32.5
NEPAL,april,138739,1519901,34.2,31.2,9,95,84,32.7
NEPAL,may,141652,2295442,33.2,32.2,10,106,83,32.7
NEPAL,june,105102,2027990,31.6,31.6,8,145,84,31.6
NEPAL,july,144346,1931855,32.4,31.4,6,120,84,31.9
NEPAL,aug,38231,1588835,29.6,29.2,11,190,83,29.4
NEPAL,sept,101409,1126918,31.4,30.2,10,170,83,30.8
NEPAL,oct,30568,1331209,33.6,31.4,12,215,83,32.5
NEPAL,nov,90616,1002982,32.7,30.4,12,215,84,31.6
NEPAL,dec,130358,2243279,33,32.4,14,225,83,32.7
POLAND,jan,136380,1788589,33,29,16,274,83,31
POLAND,feb,79438,558282,32.4,30.4,15,265,83,31.4
POLAND,march,56574,1542373,34,31,13,230,83,32.5
POLAND,april,78734,1961023,34.2,31.2,9,95,84,32.7
POLAND,may,84093,2377389,33.2,32.2,10,106,83,32.7
POLAND,june,52284,1682141,31.6,31.6,8,145,84,31.6
POLAND,july,30094,895203,32.4,31.4,6,120,84,31.9
POLAND,aug,134578,479153,29.6,29.2,11,190,83,29.4
POLAND,sept,72204,1902601,31.4,30.2,10,170,83,30.8
POLAND,oct,116083,1735145,33.6,31.4,12,215,83,32.5
POLAND,nov,121572,2056633,32.7,30.4,12,215,84,31.6
POLAND,dec,116140,668231,33,32.4,14,225,83,32.7
SINGAPORE,jan,138984,913382,33,29,16,274,83,31
SINGAPORE,feb,20127,1450654,32.4,30.4,15,265,83,31.4
SINGAPORE,march,140291,2439220,34,31,13,230,83,32.5
SINGAPORE,april,120392,1093243,34.2,31.2,9,95,84,32.7
SINGAPORE,may,33652,1278392,33.2,32.2,10,106,83,32.7
SINGAPORE,june,119363,1058029,31.6,31.6,8,145,84,31.6
SINGAPORE,july,43528,1257445,32.4,31.4,6,120,84,31.9
SINGAPORE,aug,21608,1374449,29.6,29.2,11,190,83,29.4
SINGAPORE,sept,121611,2119121,31.4,30.2,10,170,83,30.8
SINGAPORE,oct,103585,1051411,33.6,31.4,12,215,83,32.5
SINGAPORE,nov,42675,340613,32.7,30.4,12,215,84,31.6
SINGAPORE,dec,51630,1293330,33,32.4,14,225,83,32.7
LITHUANIA,jan,144110,1955955,33,29,16,274,83,31
LITHUANIA,feb,71008,2425850,32.4,30.4,15,265,83,31.4
LITHUANIA,march,86317,985379,34,31,13,230,83,32.5
LITHUANIA,april,133290,729561,34.2,31.2,9,95,84,32.7
LITHUANIA,may,33508,271558,33.2,32.2,10,106,83,32.7
LITHUANIA,june,55049,1858976,31.6,31.6,8,145,84,31.6
LITHUANIA,july,28895,1570604,32.4,31.4,6,120,84,31.9
LITHUANIA,aug,123853,2207938,29.6,29.2,11,190,83,29.4
LITHUANIA,sept,67506,1924459,31.4,30.2,10,170,83,30.8
LITHUANIA,oct,32444,745490,33.6,31.4,12,215,83,32.5
LITHUANIA,nov,121064,1316987,32.7,30.4,12,215,84,31.6
LITHUANIA,dec,113728,1186433,33,32.4,14,225,83,32.7
HUNGARY,jan,73380,2179194,33,29,16,274,83,31
HUNGARY,feb,139297,922497,32.4,30.4,15,265,83,31.4
HUNGARY,march,49607,1834916,34,31,13,230,83,32.5
HUNGARY,april,108726,279802,34.2,31.2,9,95,84,32.7
HUNGARY,may,133738,1749660,33.2,32.2,10,106,83,32.7
HUNGARY,june,62850,840726,31.6,31.6,8,145,84,
HUNGARY,july,23413,579675,32.4,31.4,6,120,84,31.9
HUNGARY,aug,91365,777455,29.6,29.2,11,190,83,29.4
HUNGARY,sept,100498,1704530,31.4,30.2,10,170,83,30.8
HUNGARY,oct,56544,1593418,33.6,31.4,12,215,83,32.5
HUNGARY,nov,55735,456346,32.7,30.4,12,215,84,31.6
HUNGARY,dec,22458,1818803,33,32.4,14,225,83,32.7
INDONESIA,jan,107214,2231635,33,29,16,274,83,31
INDONESIA,feb,78428,697044,32.4,30.4,15,265,83,31.4
INDONESIA,march,131020,463263,34,31,13,230,83,32.5
INDONESIA,april,146507,887429,34.2,31.2,9,95,84,32.7
INDONESIA,may,52429,1715630,33.2,32.2,10,106,83,32.7
INDONESIA,june,128999,1278748,31.6,31.6,8,145,84,31.6
INDONESIA,july,72166,1359688,32.4,31.4,6,120,84,31.9
INDONESIA,aug,121344,298836,29.6,29.2,11,190,83,29.4
INDONESIA,sept,129623,1147669,31.4,30.2,10,170,83,30.8
INDONESIA,oct,138358,1876277,33.6,31.4,12,215,83,32.5
INDONESIA,nov,87663,1151390,32.7,30.4,12,215,84,31.6
INDONESIA,dec,84927,507311,33,32.4,14,225,83,32.7
TURKEY,jan,121976,1030180,33,29,16,274,83,31
TURKEY,feb,52770,1085938,32.4,30.4,15,265,83,31.4
TURKEY,march,35060,2289802,34,31,13,230,83,32.5
TURKEY,april,70815,328569,34.2,31.2,9,95,84,32.7
TURKEY,may,31350,1513071,33.2,32.2,10,106,83,32.7
TURKEY,june,101342,450170,31.6,31.6,8,145,84,31.6
TURKEY,july,118697,807755,32.4,31.4,6,120,84,31.9
TURKEY,aug,35226,1419644,29.6,29.2,11,190,83,29.4
TURKEY,sept,77652,2035943,31.4,30.2,10,170,83,30.8
TURKEY,oct,45833,2030769,33.6,31.4,12,215,83,32.5
TURKEY,nov,121073,1493197,32.7,30.4,12,215,84,31.6
TURKEY,dec,82106,295204,33,32.4,14,225,83,32.7
TRINIDAD TOBACCO,jan,51585,1604924,33,29,16,274,83,31
TRINIDAD TOBACCO,feb,95389,644078,32.4,30.4,15,265,83,31.4
TRINIDAD TOBACCO,march,134881,1009118,34,31,13,230,83,32.5
TRINIDAD TOBACCO,april,23486,887684,34.2,31.2,9,95,84,32.7
TRINIDAD TOBACCO,may,121947,600004,33.2,32.2,10,106,83,32.7
TRINIDAD TOBACCO,june,98203,1426471,31.6,31.6,8,145,84,31.6
TRINIDAD TOBACCO,july,24356,1631410,32.4,31.4,6,120,84,31.9
TRINIDAD TOBACCO,aug,95195,2280402,29.6,29.2,11,190,83,29.4
TRINIDAD TOBACCO,sept,43372,783019,31.4,30.2,10,170,83,30.8
TRINIDAD TOBACCO,oct,43036,1418608,33.6,31.4,12,215,83,32.5
TRINIDAD TOBACCO,nov,130423,2102133,32.7,30.4,12,215,84,31.6
TRINIDAD TOBACCO,dec,128171,270192,33,32.4,14,225,83,32.7
IRAQ,jan,121329,733736,33,29,16,274,83,31
IRAQ,feb,79385,263286,32.4,30.4,15,265,83,31.4
IRAQ,march,133627,2314627,34,31,13,230,83,32.5
IRAQ,april,132954,1978564,34.2,31.2,9,95,84,32.7
IRAQ,may,56553,2352738,33.2,32.2,10,106,83,32.7
IRAQ,june,131231,1711897,31.6,31.6,8,145,84,31.6
IRAQ,july,136731,2125572,32.4,31.4,6,120,84,31.9
IRAQ,aug,133539,2008135,29.6,29.2,11,190,83,29.4
IRAQ,sept,105977,1460304,31.4,30.2,10,170,83,30.8
IRAQ,oct,75815,1821099,33.6,31.4,12,215,83,32.5
IRAQ,nov,32544,1704419,32.7,30.4,12,215,84,31.6
IRAQ,dec,72702,275295,33,32.4,14,225,83,32.7
SLOVENIA,jan,101541,555011,33,29,16,274,83,31
SLOVENIA,feb,114265,1754845,32.4,30.4,15,265,83,31.4
SLOVENIA,march,71112,745136,34,31,13,230,83,32.5
SLOVENIA,april,131351,467174,34.2,31.2,9,95,84,32.7
SLOVENIA,may,36510,1620411,33.2,32.2,10,106,83,32.7
SLOVENIA,june,80868,1977060,31.6,31.6,8,145,84,31.6
SLOVENIA,july,115326,1565772,32.4,31.4,6,120,84,31.9
SLOVENIA,aug,43831,1196468,29.6,29.2,11,190,83,29.4
SLOVENIA,sept,109034,2165827,31.4,30.2,10,170,83,30.8
SLOVENIA,oct,125733,849291,33.6,31.4,12,215,83,32.5
SLOVENIA,nov,121248,1626412,32.7,30.4,12,215,84,31.6
SLOVENIA,dec,120829,1654536,33,32.4,14,225,83,32.7
UNITED ARAB EMIRATES,jan,98262,890401,33,29,16,274,83,31
UNITED ARAB EMIRATES,feb,140009,2084607,32.4,30.4,15,265,83,31.4
UNITED ARAB EMIRATES,march,73050,1307086,34,31,13,230,83,32.5
UNITED ARAB EMIRATES,april,22100,2493330,34.2,31.2,9,95,84,32.7
UNITED ARAB EMIRATES,may,78953,2463577,33.2,32.2,10,106,83,32.7
UNITED ARAB EMIRATES,june,79842,1896321,31.6,31.6,8,145,84,31.6
UNITED ARAB EMIRATES,july,140821,1687954,32.4,31.4,6,120,84,31.9
UNITED ARAB EMIRATES,aug,77753,936835,29.6,29.2,11,190,83,29.4
UNITED ARAB EMIRATES,sept,81678,1652986,31.4,30.2,10,170,83,30.8
UNITED ARAB EMIRATES,oct,25245,1760962,33.6,31.4,12,215,83,32.5
UNITED ARAB EMIRATES,nov,37234,324101,32.7,30.4,12,215,84,31.6
UNITED ARAB EMIRATES,dec,62909,974591,33,32.4,14,225,83,32.7
COMORO,jan,72998,1707701,33,29,16,274,83,31
COMORO,feb,118857,585556,32.4,30.4,15,265,83,31.4
COMORO,march,88152,565298,34,31,13,230,83,32.5
COMORO,april,35390,2174841,34.2,31.2,9,95,84,32.7
COMORO,may,94238,2134335,33.2,32.2,10,106,83,32.7
COMORO,june,131550,1098781,31.6,31.6,8,145,84,31.6
COMORO,july,78986,955137,32.4,31.4,6,120,84,31.9
COMORO,aug,104115,747929,29.6,29.2,11,190,83,29.4
COMORO,sept,60086,2276248,31.4,30.2,10,170,83,30.8
COMORO,oct,28747,1576624,33.6,31.4,12,215,83,32.5
COMORO,nov,55798,450285,32.7,30.4,12,215,84,31.6
COMORO,dec,115745,855552,33,32.4,14,225,83,32.7
SRI LANKA,jan,25093,1892945,33,29,16,274,83,31
SRI LANKA,feb,123345,904890,32.4,30.4,15,265,83,31.4
SRI LANKA,march,72576,2134693,34,31,13,230,83,32.5
SRI LANKA,april,147422,1085051,34.2,31.2,9,95,84,
SRI LANKA,may,79846,1929786,33.2,32.2,10,106,83,32.7
SRI LANKA,june,118301,1543023,31.6,31.6,8,145,84,31.6
SRI LANKA,july,62657,2243790,32.4,31.4,6,120,84,31.9
SRI LANKA,aug,130605,1517597,29.6,29.2,11,190,83,29.4
SRI LANKA,sept,77879,872673,31.4,30.2,10,170,83,30.8
SRI LANKA,oct,96123,2391335,33.6,31.4,12,215,83,32.5
SRI LANKA,nov,70261,2449971,32.7,30.4,12,215,84,31.6
SRI LANKA,dec,91945,780826,33,32.4,14,225,83,32.7
IRAN,jan,67143,420387,33,29,16,274,83,31
IRAN,feb,61515,809176,32.4,30.4,15,265,83,31.4
IRAN,march,73703,1033039,34,31,13,230,83,32.5
IRAN,april,117271,1833009,34.2,31.2,9,95,84,32.7
IRAN,may,65356,2142357,33.2,32.2,10,106,83,32.7
IRAN,june,74241,1955738,31.6,31.6,8,145,84,31.6
IRAN,july,134253,1766657,32.4,31.4,6,120,84,31.9
IRAN,aug,94681,1230688,29.6,29.2,11,190,83,29.4
IRAN,sept,118002,1826383,31.4,30.2,10,170,83,30.8
IRAN,oct,131586,2271661,33.6,31.4,12,215,83,32.5
IRAN,nov,90527,1009271,32.7,30.4,12,215,84,31.6
IRAN,dec,46251,363401,33,32.4,14,225,83,32.7
MONTENEGRO,jan,50899,764358,33,29,16,274,83,31
MONTENEGRO,feb,63354,1725829,32.4,30.4,15,265,83,31.4
MONTENEGRO,march,145848,273193,34,31,13,230,83,32.5
MONTENEGRO,april,84559,2311090,34.2,31.2,9,95,84,32.7
MONTENEGRO,may,43979,2355156,33.2,32.2,10,106,83,32.7
MONTENEGRO,june,100504,1886644,31.6,31.6,8,145,84,31.6
MONTENEGRO,july,63714,1307604,32.4,31.4,6,120,84,31.9
MONTENEGRO,aug,48766,807077,29.6,29.2,11,190,83,29.4
MONTENEGRO,sept,54424,845544,31.4,30.2,10,170,83,30.8
MONTENEGRO,oct,39463,2333597,33.6,31.4,12,215,83,32.5
MONTENEGRO,nov,41643,2263876,32.7,30.4,12,215,84,31.6
MONTENEGRO,dec,73187,2495719,33,32.4,14,225,83,32.7
ANGOLA,jan,86121,1022479,33,29,16,274,83,31
ANGOLA,feb,71920,1087659,32.4,30.4,15,265,83,31.4
ANGOLA,march,46590,2477221,34,31,13,230,83,32.5
ANGOLA,april,72498,2317209,34.2,31.2,9,95,84,32.7
ANGOLA,may,64153,2193849,33.2,32.2,10,106,83,32.7
ANGOLA,june,86799,2282872,31.6,31.6,8,145,84,31.6
ANGOLA,july,94726,1355169,32.4,31.4,6,120,84,31.9
ANGOLA,aug,20051,658836,29.6,29.2,11,190,83,29.4
ANGOLA,sept,81413,1968960,31.4,30.2,10,170,83,30.8
ANGOLA,oct,107341,1725376,33.6,31.4,12,215,83,32.5
ANGOLA,nov,96983,1736769,32.7,30.4,12,215,84,31.6
ANGOLA,dec,90132,1876183,33,32.4,14,225,83,32.7
LEBANON,jan,100796,2487919,33,29,16,274,83,31
LEBANON,feb,91941,2480060,32.4,30.4,15,265,83,31.4
LEBANON,march,110641,2473525,34,31,13,230,83,32.5
LEBANON,april,103805,1736066,34.2,31.2,9,95,84,32.7
LEBANON,may,115789,1254232,33.2,32.2,10,106,83,32.7
LEBANON,june,149012,1216473,31.6,31.6,8,145,84,31.6
LEBANON,july,95645,1132059,32.4,31.4,6,120,84,31.9
LEBANON,aug,145730,1833035,29.6,29.2,11,190,83,29.4
LEBANON,sept,74567,1770273,31.4,30.2,10,170,83,30.8
LEBANON,oct,97731,1036366,33.6,31.4,12,215,83,32.5
LEBANON,nov,56100,1785373,32.7,30.4,12,215,84,31.6
LEBANON,dec,64990,929300,33,32.4,14,225,83,32.7
SLOVAKIA,jan,43118,1864620,33,29,16,274,83,31
SLOVAKIA,feb,24712,1264536,32.4,30.4,15,265,83,31.4
SLOVAKIA,march,104381,2184823,34,31,13,230,83,32.5
SLOVAKIA,april,43956,634201,34.2,31.2,9,95,84,32.7
SLOVAKIA,may,50681,1434518,33.2,32.2,10,106,83,32.7
SLOVAKIA,june,44066,953838,31.6,31.6,8,145,84,31.6
SLOVAKIA,july,30925,1217844,32.4,31.4,6,120,84,31.9
SLOVAKIA,aug,32507,1133351,29.6,29.2,11,190,83,29.4
SLOVAKIA,sept,91652,818589,31.4,30.2,10,170,83,30.8
SLOVAKIA,oct,44311,936951,33.6,31.4,12,215,83,32.5
SLOVAKIA,nov,130985,437042,32.7,30.4,12,215,84,31.6
SLOVAKIA,dec,37787,636064,33,32.4,14,225,83,32.7
ROMANIA,jan,31023,1750524,33,29,16,274,83,31
ROMANIA,feb,73100,603625,32.4,30.4,15,265,83,31.4
ROMANIA,march,90720,1868884,34,31,13,230,83,32.5
ROMANIA,april,93222,2240460,34.2,31.2,9,95,84,32.7
ROMANIA,may,103902,1202740,33.2,32.2,10,106,83,32.7
ROMANIA,june,96119,864211,31.6,31.6,8,145,84,31.6
ROMANIA,july,35421,385980,32.4,31.4,6,120,84,31.9
ROMANIA,aug,42474,2154945,29.6,29.2,11,190,83,29.4
ROMANIA,sept,73150,1295333,31.4,30.2,10,170,83,30.8
ROMANIA,oct,22273,2264519,33.6,31.4,12,215,83,32.5
ROMANIA,nov,61280,462101,32.7,30.4,12,215,84,31.6
ROMANIA,dec,42516,714007,33,32.4,14,225,83,32.7
MEXICO,jan,66172,2273864,33,29,16,274,83,31
MEXICO,feb,69778,854659,32.4,30.4,15,265,83,31.4
MEXICO,march,63419,672808,34,31,13,230,83,32.5
MEXICO,april,100907,884362,34.2,31.2,9,95,84,32.7
MEXICO,may,101652,417599,33.2,32.2,10,106,83,32.7
MEXICO,june,33581,750302,31.6,31.6,8,145,84,31.6
MEXICO,july,22084,653876,32.4,31.4,6,120,84,31.9
MEXICO,aug,96314,1758344,29.6,29.2,11,190,83,29.4
MEXICO,sept,82003,2012007,31.4,30.2,10,170,83,30.8
MEXICO,oct,124361,1606361,33.6,31.4,12,215,83,32.5
MEXICO,nov,78252,1312328,32.7,30.4,12,215,84,31.6
MEXICO,dec,79210,1042373,33,32.4,14,225,83,32.7
LATVIA,jan,95452,1660699,33,29,16,274,83,31
LATVIA,feb,62665,1651659,32.4,30.4,15,265,83,31.4
LATVIA,march,123147,1944097,34,31,13,230,83,32.5
LATVIA,april,79478,1287737,34.2,31.2,9,95,84,32.7
LATVIA,may,51600,415195,33.2,32.2,10,106,83,32.7
LATVIA,june,112128,261912,31.6,31.6,8,145,84,31.6
LATVIA,july,106057,766427,32.4,31.4,6,120,84,31.9
LATVIA,aug,30790,1796639,29.6,29.2,11,190,83,29.4
LATVIA,sept,145893,594150,31.4,30.2,10,170,83,30.8
LATVIA,oct,114278,1597191,33.6,31.4,12,215,83,32.5
LATVIA,nov,38875,1245895,32.7,30.4,12,215,84,31.6
LATVIA,dec,60108,1153104,33,32.4,14,225,83,32.7
CROATIA,jan,66603,395885,33,29,16,274,83,31
CROATIA,feb,118449,2485742,32.4,30.4,15,265,83,31.4
CROATIA,march,144611,2458864,34,31,13,230,83,32.5
CROATIA,april,45606,1295252,34.2,31.2,9,95,84,32.7
CROATIA,may,100655,1410178,33.2,32.2,10,106,83,32.7
CROATIA,june,98894,1331719,31.6,31.6,8,145,84,31.6
CROATIA,july,65362,1194061,32.4,31.4,6,120,84,31.9
CROATIA,aug,96085,2141930,29.6,29.2,11,190,83,29.4
CROATIA,sept,74322,575317,31.4,30.2,10,170,83,
CROATIA,oct,98690,446915,33.6,31.4,12,215,83,32.5
CROATIA,nov,81750,2219161,32.7,30.4,12,215,84,31.6
CROATIA,dec,78775,2004457,33,32.4,14,225,83,32.7
CAPE VERDE,jan,71551,1465562,33,29,16,274,83,31
CAPE VERDE,feb,116788,1692243,32.4,30.4,15,265,83,31.4
CAPE VERDE,march,105153,791199,34,31,13,230,83,32.5
CAPE VERDE,april,102830,2319445,34.2,31.2,9,95,84,32.7
CAPE VERDE,may,144723,1752172,33.2,32.2,10,106,83,32.7
CAPE VERDE,june,73334,269815,31.6,31.6,8,145,84,31.6
CAPE VERDE,july,125003,1713272,32.4,31.4,6,120,84,31.9
CAPE VERDE,aug,92059,669906,29.6,29.2,11,190,83,29.4
CAPE VERDE,sept,59764,2036845,31.4,30.2,10,170,83,30.8
CAPE VERDE,oct,40539,2009638,33.6,31.4,12,215,83,32.5
CAPE VERDE,nov,30366,581673,32.7,30.4,12,215,84,31.6
CAPE VERDE,dec,85062,1042960,33,32.4,14,225,83,32.7
SUDAN,jan,107818,1831648,33,29,16,274,83,31
SUDAN,feb,137929,1865793,32.4,30.4,15,265,83,31.4
SUDAN,march,128006,695577,34,31,13,230,83,32.5
SUDAN,april,44672,1353870,34.2,31.2,9,95,84,32.7
SUDAN,may,112340,1286774,33.2,32.2,10,106,83,32.7
SUDAN,june,95577,2078996,31.6,31.6,8,145,84,31.6
SUDAN,july,99344,2459239,32.4,31.4,6,120,84,31.9
SUDAN,aug,102081,581501,29.6,29.2,11,190,83,29.4
SUDAN,sept,124343,1503155,31.4,30.2,10,170,83,30.8
SUDAN,oct,104246,2486274,33.6,31.4,12,215,83,32.5
SUDAN,nov,77510,1796240,32.7,30.4,12,215,84,31.6
SUDAN,dec,91595,652373,33,32.4,14,225,83,32.7
COSTARICA,jan,120316,651530,33,29,16,274,83,31
COSTARICA,feb,79943,2421443,32.4,30.4,15,265,83,31.4
COSTARICA,march,102733,2467105,34,31,13,230,83,32.5
COSTARICA,april,123939,1439808,34.2,31.2,9,95,84,32.7
COSTARICA,may,148857,911297,33.2,32.2,10,106,83,32.7
COSTARICA,june,36143,1228464,31.6,31.6,8,145,84,31.6
COSTARICA,july,69649,1963948,32.4,31.4,6,120,84,31.9
COSTARICA,aug,97234,2059478,29.6,29.2,11,190,83,29.4
COSTARICA,sept,108027,857858,31.4,30.2,10,170,83,30.8
COSTARICA,oct,42266,1332951,33.6,31.4,12,215,83,32.5
COSTARICA,nov,71916,1585240,32.7,30.4,12,215,84,31.6
COSTARICA,dec,38490,1058659,33,32.4,14,225,83,
CHILE,jan,40919,2194176,33,29,16,274,83,31
CHILE,feb,147879,624269,32.4,30.4,15,265,83,31.4
CHILE,march,127738,2326111,34,31,13,230,83,
CHILE,april,89589,854217,34.2,31.2,9,95,84,32.7
CHILE,may,124110,1476946,33.2,32.2,10,106,83,32.7
CHILE,june,94370,1940555,31.6,31.6,8,145,84,31.6
CHILE,july,85449,1929267,32.4,31.4,6,120,84,31.9
CHILE,aug,34361,2410542,29.6,29.2,11,190,83,
CHILE,sept,68185,341125,31.4,30.2,10,170,83,30.8
CHILE,oct,145765,1387189,33.6,31.4,12,215,83,32.5
CHILE,nov,62685,816386,32.7,30.4,12,215,84,31.6
CHILE,dec,143511,939384,33,32.4,14,225,83,
NAMIBIA,jan,52939,2234622,33,29,16,274,83,31
NAMIBIA,feb,91334,1616906,32.4,30.4,15,265,83,31.4
NAMIBIA,march,122111,1005265,34,31,13,230,83,32.5
NAMIBIA,april,89664,2488759,34.2,31.2,9,95,84,32.7
NAMIBIA,may,100028,1815769,33.2,32.2,10,106,83,32.7
NAMIBIA,june,41181,1689120,31.6,31.6,8,145,84,31.6
NAMIBIA,july,47387,1368948,32.4,31.4,6,120,84,31.9
NAMIBIA,aug,125857,281685,29.6,29.2,11,190,83,29.4
NAMIBIA,sept,136727,1815588,31.4,30.2,10,170,83,30.8
NAMIBIA,oct,115893,414961,33.6,31.4,12,215,83,
NAMIBIA,nov,38839,1769455,32.7,30.4,12,215,84,31.6
NAMIBIA,dec,51635,770271,33,32.4,14,225,83,32.7
TAIWAN,jan,43498,924379,33,29,16,274,83,
TAIWAN,feb,91477,477683,32.4,30.4,15,265,83,31.4
TAIWAN,march,143490,1473926,34,31,13,230,83,
TAIWAN,april,88790,1777886,34.2,31.2,9,95,84,32.7
TAIWAN,may,133417,1625933,33.2,32.2,10,106,83,
TAIWAN,june,136495,2341907,31.6,31.6,8,145,84,31.6
TAIWAN,july,103353,676963,32.4,31.4,6,120,84,
TAIWAN,aug,125851,2489837,29.6,29.2,11,190,83,29.4
TAIWAN,sept,42224,2025542,31.4,30.2,10,170,83,30.8
TAIWAN,oct,103307,2102946,33.6,31.4,12,215,83,32.5
TAIWAN,nov,125377,410550,32.7,30.4,12,215,84,
TAIWAN,dec,26773,1490652,33,32.4,14,225,83,32.7
SERBIA,jan,114499,1784168,33,29,16,274,83,
SERBIA,feb,121634,813046,32.4,30.4,15,265,83,31.4
SERBIA,march,111439,1189381,34,31,13,230,83,32.5
SERBIA,april,61567,823427,34.2,31.2,9,95,84,
SERBIA,may,120644,855669,33.2,32.2,10,106,83,32.7
SERBIA,june,124456,2146982,31.6,31.6,8,145,84,31.6
SERBIA,july,53804,1938207,32.4,31.4,6,120,84,
SERBIA,aug,37861,982015,29.6,29.2,11,190,83,29.4
SERBIA,sept,99661,2414451,31.4,30.2,10,170,83,30.8
SERBIA,oct,45236,915192,33.6,31.4,12,215,83,32.5
SERBIA,nov,73819,299496,32.7,30.4,12,215,84,31.6
SERBIA,dec,26009,2138491,33,32.4,14,225,83,32.7
LESOTHO,jan,118464,1248730,33,29,16,274,83,31
LESOTHO,feb,119316,1715905,32.4,30.4,15,265,83,31.4
LESOTHO,march,91627,2401791,34,31,13,230,83,32.5
LESOTHO,april,44221,1664105,34.2,31.2,9,95,84,32.7
LESOTHO,may,104653,1482151,33.2,32.2,10,106,83,32.7
LESOTHO,june,54552,2285329,31.6,31.6,8,145,84,31.6
LESOTHO,july,40374,2412629,32.4,31.4,6,120,84,31.9
LESOTHO,aug,75696,1748651,29.6,29.2,11,190,83,29.4
LESOTHO,sept,36434,1152287,31.4,30.2,10,170,83,30.8
LESOTHO,oct,28892,1107745,33.6,31.4,12,215,83,
LESOTHO,nov,129597,2333896,32.7,30.4,12,215,84,
LESOTHO,dec,99965,1445737,33,32.4,14,225,83,32.7
GEORGIA,jan,25079,260542,33,29,16,274,83,31
GEORGIA,feb,26988,1461256,32.4,30.4,15,265,83,
GEORGIA,march,140111,2221659,34,31,13,230,83,32.5
GEORGIA,april,128392,2393887,34.2,31.2,9,95,84,32.7
GEORGIA,may,46417,1572734,33.2,32.2,10,106,83,32.7
GEORGIA,june,92908,2414720,31.6,31.6,8,145,84,
GEORGIA,july,53480,2152516,32.4,31.4,6,120,84,31.9
GEORGIA,aug,141996,956451,29.6,29.2,11,190,83,29.4
GEORGIA,sept,48202,2432208,31.4,30.2,10,170,83,30.8
GEORGIA,oct,128370,2174973,33.6,31.4,12,215,83,32.5
GEORGIA,nov,149245,2142431,32.7,30.4,12,215,84,
GEORGIA,dec,120108,1634642,33,32.4,14,225,83,32.7
PHILIPINES,jan,56154,818469,33,29,16,274,83,31
PHILIPINES,feb,103345,1133341,32.4,30.4,15,265,83,31.4
PHILIPINES,march,131064,747071,34,31,13,230,83,32.5
PHILIPINES,april,91016,554100,34.2,31.2,9,95,84,32.7
PHILIPINES,may,139897,2250133,33.2,32.2,10,106,83,32.7
PHILIPINES,june,62576,1222032,31.6,31.6,8,145,84,
PHILIPINES,july,94700,2240908,32.4,31.4,6,120,84,31.9
PHILIPINES,aug,41515,2181580,29.6,29.2,11,190,83,29.4
PHILIPINES,sept,72515,1918646,31.4,30.2,10,170,83,30.8
PHILIPINES,oct,53188,2442960,33.6,31.4,12,215,83,32.5
PHILIPINES,nov,142457,1786718,32.7,30.4,12,215,84,31.6
PHILIPINES,dec,33303,870273,33,32.4,14,225,83,32.7
IVORY COAST,jan,132339,683484,33,29,16,274,83,31
IVORY COAST,feb,20364,2199965,32.4,30.4,15,265,83,31.4
IVORY COAST,march,78677,2275577,34,31,13,230,83,32.5
IVORY COAST,april,80741,365168,34.2,31.2,9,95,84,32.7
IVORY COAST,may,76444,1753880,33.2,32.2,10,106,83,32.7
IVORY COAST,june,32917,2317951,31.6,31.6,8,145,84,31.6
IVORY COAST,july,147133,796479,32.4,31.4,6,120,84,31.9
IVORY COAST,aug,123695,889640,29.6,29.2,11,190,83,29.4
IVORY COAST,sept,33575,1562758,31.4,30.2,10,170,83,30.8
IVORY COAST,oct,127145,927754,33.6,31.4,12,215,83,32.5
IVORY COAST,nov,27023,2403864,32.7,30.4,12,215,84,31.6
IVORY COAST,dec,38708,2138333,33,32.4,14,225,83,32.7
MADAGASCAR,jan,49674,1659382,33,29,16,274,83,31
MADAGASCAR,feb,80797,1230676,32.4,30.4,15,265,83,31.4
MADAGASCAR,march,113404,296464,34,31,13,230,83,32.5
MADAGASCAR,april,120628,2131424,34.2,31.2,9,95,84,32.7
MADAGASCAR,may,62406,757752,33.2,32.2,10,106,83,32.7
MADAGASCAR,june,38682,2033636,31.6,31.6,8,145,84,31.6
MADAGASCAR,july,130314,440047,32.4,31.4,6,120,84,31.9
MADAGASCAR,aug,79557,1978876,29.6,29.2,11,190,83,29.4
MADAGASCAR,sept,48939,1677881,31.4,30.2,10,170,83,30.8
MADAGASCAR,oct,98324,1059778,33.6,31.4,12,215,83,32.5
MADAGASCAR,nov,50854,586825,32.7,30.4,12,215,84,31.6
MADAGASCAR,dec,118969,1420934,33,32.4,14,225,83,32.7
DJIBOUT,jan,111799,2085839,33,29,16,274,83,
DJIBOUT,feb,118195,369372,32.4,30.4,15,265,83,31.4
DJIBOUT,march,45013,1458863,34,31,13,230,83,32.5
DJIBOUT,april,64736,1440411,34.2,31.2,9,95,84,
DJIBOUT,may,83811,756476,33.2,32.2,10,106,83,32.7
DJIBOUT,june,52462,484382,31.6,31.6,8,145,84,31.6
DJIBOUT,july,78500,1835394,32.4,31.4,6,120,84,31.9
DJIBOUT,aug,147953,969756,29.6,29.2,11,190,83,
DJIBOUT,sept,61691,1688821,31.4,30.2,10,170,83,30.8
DJIBOUT,oct,142976,1025972,33.6,31.4,12,215,83,32.5
DJIBOUT,nov,114795,917795,32.7,30.4,12,215,84,31.6
DJIBOUT,dec,25150,1172915,33,32.4,14,225,83,32.7
CYPRUS,jan,115936,634456,33,29,16,274,83,31
CYPRUS,feb,73278,1087555,32.4,30.4,15,265,83,31.4
CYPRUS,march,105431,1700594,34,31,13,230,83,32.5
CYPRUS,april,70790,1725542,34.2,31.2,9,95,84,32.7
CYPRUS,may,63180,1047353,33.2,32.2,10,106,83,32.7
CYPRUS,june,106762,404313,31.6,31.6,8,145,84,31.6
CYPRUS,july,104290,612731,32.4,31.4,6,120,84,31.9
CYPRUS,aug,92300,1693208,29.6,29.2,11,190,83,29.4
CYPRUS,sept,89762,518495,31.4,30.2,10,170,83,30.8
CYPRUS,oct,56524,951179,33.6,31.4,12,215,83,
CYPRUS,nov,32969,1792784,32.7,30.4,12,215,84,31.6
CYPRUS,dec,126883,977292,33,32.4,14,225,83,32.7
ARGENTINA,jan,123307,2436860,33,29,16,274,83,31
ARGENTINA,feb,37174,2137460,32.4,30.4,15,265,83,31.4
ARGENTINA,march,135915,2066997,34,31,13,230,83,
ARGENTINA,april,66505,2441063,34.2,31.2,9,95,84,32.7
ARGENTINA,may,51502,1321135,33.2,32.2,10,106,83,
ARGENTINA,june,114623,1308631,31.6,31.6,8,145,84,31.6
ARGENTINA,july,59826,1221112,32.4,31.4,6,120,84,31.9
ARGENTINA,aug,90946,1810832,29.6,29.2,11,190,83,29.4
ARGENTINA,sept,44172,1387398,31.4,30.2,10,170,83,30.8
ARGENTINA,oct,136349,1720650,33.6,31.4,12,215,83,32.5
ARGENTINA,nov,23572,853348,32.7,30.4,12,215,84,31.6
ARGENTINA,dec,80962,1526600,33,32.4,14,225,83,32.7
URUGUAY,jan,127229,1196638,33,29,16,274,83,31
URUGUAY,feb,141057,1100380,32.4,30.4,15,265,83,31.4
URUGUAY,march,26365,538764,34,31,13,230,83,32.5
URUGUAY,april,62618,1416924,34.2,31.2,9,95,84,32.7
URUGUAY,may,90897,1625731,33.2,32.2,10,106,83,32.7
URUGUAY,june,61347,2212555,31.6,31.6,8,145,84,31.6
URUGUAY,july,131817,2391460,32.4,31.4,6,120,84,31.9
URUGUAY,aug,42569,1537250,29.6,29.2,11,190,83,29.4
URUGUAY,sept,26734,1765894,31.4,30.2,10,170,83,30.8
URUGUAY,oct,44181,1150579,33.6,31.4,12,215,83,32.5
URUGUAY,nov,65999,712816,32.7,30.4,12,215,84,31.6
URUGUAY,dec,37709,454185,33,32.4,14,225,83,32.7
MORROCO,jan,84417,996962,33,29,16,274,83,31
MORROCO,feb,24094,790786,32.4,30.4,15,265,83,31.4
MORROCO,march,59222,675558,34,31,13,230,83,32.5
MORROCO,april,41526,1839043,34.2,31.2,9,95,84,32.7
MORROCO,may,45600,1643565,33.2,32.2,10,106,83,32.7
MORROCO,june,41132,858346,31.6,31.6,8,145,84,31.6
MORROCO,july,109201,1433987,32.4,31.4,6,120,84,31.9
MORROCO,aug,46800,1731704,29.6,29.2,11,190,83,29.4
MORROCO,sept,64859,1853657,31.4,30.2,10,170,83,
MORROCO,oct,29804,1535167,33.6,31.4,12,215,83,32.5
MORROCO,nov,123209,508813,32.7,30.4,12,215,84,31.6
MORROCO,dec,48781,466161,33,32.4,14,225,83,32.7
THAILAND,jan,39963,1557276,33,29,16,274,83,31
THAILAND,feb,106305,1090268,32.4,30.4,15,265,83,31.4
THAILAND,march,36909,811538,34,31,13,230,83,32.5
THAILAND,april,130165,1869736,34.2,31.2,9,95,84,
THAILAND,may,20623,443824,33.2,32.2,10,106,83,32.7
THAILAND,june,99568,2383159,31.6,31.6,8,145,84,31.6
THAILAND,july,118179,666727,32.4,31.4,6,120,84,31.9
THAILAND,aug,87312,2095065,29.6,29.2,11,190,83,29.4
THAILAND,sept,141683,2191162,31.4,30.2,10,170,83,30.8
THAILAND,oct,57967,1660966,33.6,31.4,12,215,83,32.5
THAILAND,nov,65273,1580795,32.7,30.4,12,215,84,31.6
THAILAND,dec,26275,1723721,33,32.4,14,225,83,32.7
BERMUDA,jan,125181,1238301,33,29,16,274,83,31
BERMUDA,feb,144362,292730,32.4,30.4,15,265,83,31.4
BERMUDA,march,122736,450835,34,31,13,230,83,
BERMUDA,april,102615,1686589,34.2,31.2,9,95,84,32.7
BERMUDA,may,112987,1979546,33.2,32.2,10,106,83,32.7
BERMUDA,june,137660,2051722,31.6,31.6,8,145,84,31.6
BERMUDA,july,97150,2457681,32.4,31.4,6,120,84,31.9
BERMUDA,aug,123996,522564,29.6,29.2,11,190,83,29.4
BERMUDA,sept,128496,722728,31.4,30.2,10,170,83,
BERMUDA,oct,105980,1250825,33.6,31.4,12,215,83,32.5
BERMUDA,nov,110626,1176090,32.7,30.4,12,215,84,31.6
BERMUDA,dec,53210,1455332,33,32.4,14,225,83,32.7
ESTONIA,jan,139436,1601079,33,29,16,274,83,31
ESTONIA,feb,121749,944030,32.4,30.4,15,265,83,31.4
ESTONIA,march,25833,1339743,34,31,13,230,83,32.5
ESTONIA,april,138172,627238,34.2,31.2,9,95,84,32.7
ESTONIA,may,143699,2304292,33.2,32.2,10,106,83,32.7
ESTONIA,june,98712,2240596,31.6,31.6,8,145,84,31.6
ESTONIA,july,85875,1810016,32.4,31.4,6,120,84,31.9
ESTONIA,aug,26049,488104,29.6,29.2,11,190,83,29.4
ESTONIA,sept,112237,1776081,31.4,30.2,10,170,83,30.8
ESTONIA,oct,148687,578600,33.6,31.4,12,215,83,32.5
ESTONIA,nov,71480,1287471,32.7,30.4,12,215,84,
ESTONIA,dec,116231,450449,33,32.4,14,225,83,32.7
BARBADOS,jan,132848,1022864,33,29,16,274,83,31
BARBADOS,feb,72306,1402648,32.4,30.4,15,265,83,31.4
BARBADOS,march,116336,1021066,34,31,13,230,83,32.5
BARBADOS,april,116843,1040018,34.2,31.2,9,95,84,32.7
BARBADOS,may,142085,657473,33.2,32.2,10,106,83,32.7
BARBADOS,june,101488,2265186,31.6,31.6,8,145,84,31.6
BARBADOS,july,94375,1241100,32.4,31.4,6,120,84,31.9
BARBADOS,aug,104710,1921926,29.6,29.2,11,190,83,29.4
BARBADOS,sept,109034,760127,31.4,30.2,10,170,83,30.8
BARBADOS,oct,85551,1025146,33.6,31.4,12,215,83,32.5
BARBADOS,nov,39087,2439017,32.7,30.4,12,215,84,31.6
BARBADOS,dec,128755,2132117,33,32.4,14,225,83,32.7
BELARUS,jan,84109,955999,33,29,16,274,83,31
BELARUS,feb,119850,1361172,32.4,30.4,15,265,83,31.4
BELARUS,march,54481,1723378,34,31,13,230,83,32.5
BELARUS,april,147899,2128286,34.2,31.2,9,95,84,32.7
BELARUS,may,38773,962929,33.2,32.2,10,106,83,
BELARUS,june,86332,567393,31.6,31.6,8,145,84,31.6
BELARUS,july,123284,2418754,32.4,31.4,6,120,84,31.9
BELARUS,aug,74201,1561353,29.6,29.2,11,190,83,29.4
BELARUS,sept,30008,1726521,31.4,30.2,10,170,83,30.8
BELARUS,oct,77079,759051,33.6,31.4,12,215,83,32.5
BELARUS,nov,115443,321930,32.7,30.4,12,215,84,31.6
BELARUS,dec,115609,1468587,33,32.4,14,225,83,32.7
GUINEA,jan,134529,622223,33,29,16,274,83,31
GUINEA,feb,53030,2037251,32.4,30.4,15,265,83,31.4
GUINEA,march,43678,1181205,34,31,13,230,83,32.5
GUINEA,april,35740,999810,34.2,31.2,9,95,84,32.7
GUINEA,may,54922,698137,33.2,32.2,10,106,83,32.7
GUINEA,june,74320,1918998,31.6,31.6,8,145,84,31.6
GUINEA,july,73114,521458,32.4,31.4,6,120,84,31.9
GUINEA,aug,57775,1046312,29.6,29.2,11,190,83,29.4
GUINEA,sept,135440,507198,31.4,30.2,10,170,83,30.8
GUINEA,oct,141695,911982,33.6,31.4,12,215,83,32.5
GUINEA,nov,68953,2451522,32.7,30.4,12,215,84,31.6
GUINEA,dec,99575,1420575,33,32.4,14,225,83,32.7
